,Year,Utility Name,Service Type,Ownership,Revenue (thousand$)_com,Sales (MWh)_com,Customers_com,Revenue (thousand$)_ind,Sales (MWh)_ind,Customers_ind,Revenue (thousand$)_res,Sales (MWh)_res,Customers_res
0,2005,City of Alameda,Bundled,POU,30160,243028,3996,0,0,0,16510,135305,29268
1,2005,City of Anaheim,Bundled,POU,69603,666081,16199,109466,1300174,609,57879,587209,93965
2,2005,City of Azusa,Bundled,POU,10925,89853,1706,8304,86528,33,8204,74885,13790
3,2005,Banning City of,Bundled,POU,7340,62072,1210,1828,14549,5,8682,67826,10893
4,2005,City of Biggs,Bundled,POU,163,1599,63,760,12888,5,614,4657,603
5,2005,City of Burbank,Bundled,POU,39282,299884,6536,63706,534953,167,33316,258863,43930
6,2005,City of Colton,Bundled,POU,14721,103747,2203,12736,143437,37,11699,95385,15886
7,2005,City of Corona DWP,Bundled,POU,2838,22599,122,2101,19765,7,178,1207,132
8,2005,City of Corona DWP,Energy,POU,3927,51210,797,5812,68964,12,0,0,0
9,2005,City of Escondido,Bundled,POU,0,0,0,0,0,0,1,18,1
10,2005,City of Glendale,Bundled,POU,46217,340333,12349,41358,395925,220,48770,368651,70798
11,2005,City of Gridley,Bundled,POU,2258,18839,431,0,0,0,1633,13194,2058
12,2005,Healdsburg City of,Bundled,POU,2681,18220,878,3236,28304,196,3332,26045,4428
13,2005,Imperial Irrigation District,Bundled,POU,162722,1555357,17689,10667,87943,918,147842,1465448,109494
14,2005,Lassen Municipal Utility District,Bundled,POU,6268,48587,2721,1135,6341,83,8854,73068,9133
15,2005,City of Lodi,Bundled,POU,21390,159762,3420,11082,142396,38,21238,153080,26900
16,2005,City of Lompoc,Bundled,POU,3291,28734,1399,4211,45949,128,5670,59155,13462
17,2005,Los Angeles City of,Bundled,POU,1309786,13715323,186922,209490,2427836,14080,724748,7105500,1237129
18,2005,Merced Irrigation District,Bundled,POU,18399,158039,1148,13399,162726,61,2861,24459,3376
19,2005,Modesto Irrigation District,Bundled,POU,78180,914708,14661,46173,775067,249,100174,892824,92146
20,2005,City of Needles,Bundled,POU,3429,32866,472,83,834,3,2687,28577,2442
21,2005,Pacific Gas & Electric Co,Bundled,IOU,4396891,33377593,610363,994421,9665030,979,3833096,29683580,4388140
22,2005,Pacific Gas & Electric Co,Delivery,IOU,218049,3532176,5980,225934,5266075,281,5707,68732,8660
23,2005,PacifiCorp,Bundled,IOU,24081,292762,7536,8371,152932,1950,32623,390980,34420
24,2005,City of Palo Alto,Bundled,POU,37380,489702,3641,21598,307429,197,13314,161440,24732
25,2005,City of Pasadena,Bundled,POU,86934,847871,7278,0,0,0,35937,309810,53135
26,2005,City of Redding,Bundled,POU,34478,365818,5605,3502,36015,456,34572,368114,35950
27,2005,City of Riverside,Bundled,POU,63457,540249,9807,65707,764097,541,82062,684861,92106
28,2005,City of Roseville,Bundled,POU,35599,412091,5762,22498,338480,30,38957,409366,43003
29,2005,Sacramento Municipal Util Dist,Bundled,POU,74411,690066,51602,476492,5220597,12278,473294,4538773,508950
30,2005,Sacramento Municipal Util Dist,Delivery,POU,0,0,0,172,2681,1,0,0,0
31,2005,San Diego Gas & Electric Co,Bundled,IOU,931763,6671071,141707,201064,2159043,467,1046342,7075368,1179446
32,2005,San Diego Gas & Electric Co,Delivery,IOU,50357,1143656,2686,60491,2039609,206,2749,29266,4161
33,2005,San Francisco City & County of,Bundled,POU,52834,669273,9,541,9698,1,0,0,0
34,2005,City of Santa Clara,Bundled,POU,11400,106153,6340,161957,2162018,1939,17950,228665,41813
35,2005,Sierra Pacific Power Co,Bundled,IOU,17910,156827,5136,10031,109374,43,30289,262416,40039
36,2005,Southern California Edison Co,Bundled,IOU,4843793,37973239,537795,898483,8554408,37825,3695288,28711485,4098559
37,2005,Southern California Edison Co,Delivery,IOU,294862,7521562,12694,80830,3264297,428,11965,177382,18009
38,2005,Southern California Water Co,Bundled,IOU,10437,48454,1506,1608,11531,4,15079,78057,21329
39,2005,City of Shasta Lake,Bundled,POU,1512,11380,345,9038,144814,13,4883,38703,4128
40,2005,Trinity Public Utilities Dist,Bundled,POU,2066,25963,1124,395,8050,1,3779,49388,5754
41,2005,Tuolumne County Pub Power Agny,Bundled,POU,1756,26413,30,0,0,0,0,0,0
42,2005,Truckee Donner P U D,Bundled,POU,8369,65847,1513,0,0,0,9172,70072,10905
43,2005,Turlock Irrigation District,Bundled,POU,21007,261089,21941,62137,873226,3719,70918,674258,68257
44,2005,City of Ukiah,Bundled,POU,9501,71821,2496,261,3299,5,4919,36774,6346
45,2005,City of Vernon,Bundled,POU,27400,293249,1209,69092,844466,815,8,139,28
0,2006,City of Alameda,Bundled,POU,29883,238394,3848,0,0,0,16812,139398,30021
1,2006,City of Anaheim,Bundled,POU,66806,682182,16141,111622,1290754,603,62136,625186,94148
2,2006,City of Azusa,Bundled,POU,11321,87044,1625,8253,83876,32,8411,74262,13701
3,2006,Banning City of,Bundled,POU,7671,64716,1214,1688,13469,5,9397,72637,10948
4,2006,City of Biggs,Bundled,POU,123,947,43,848,11724,3,446,3390,598
5,2006,City of Burbank Water and Power,Bundled,POU,36840,281832,6562,71534,587976,167,35113,267895,43973
6,2006,City of Colton,Bundled,POU,15431,97867,2522,14479,152857,44,12901,99024,15992
7,2006,City of Corona DWP,Bundled,POU,4312,29450,202,3707,28969,8,356,2058,249
8,2006,City of Corona DWP,Energy,POU,3759,46481,808,5582,64100,13,0,0,0
9,2006,City of Escondido,Bundled,POU,0,0,0,0,0,0,1,18,1
10,2006,City of Glendale,Bundled,POU,52066,361338,12403,48668,402507,220,58304,402012,70810
11,2006,City of Gridley,Bundled,POU,2010,16307,441,220,2173,11,1951,14836,2204
12,2006,Healdsburg City of,Bundled,POU,2759,22941,885,2492,23484,184,3451,26763,4431
13,2006,Imperial Irrigation District,Bundled,POU,205669,1629124,18687,12755,89428,909,192104,1613210,117995
14,2006,Lassen Municipal Utility District,Bundled,POU,6904,50180,2842,1025,5662,81,9909,74115,9212
15,2006,City of Lodi,Bundled,POU,27620,202199,3347,7189,97897,30,24304,159541,21974
16,2006,City of Lompoc,Bundled,POU,3323,29021,1413,4253,46409,125,5727,59746,13597
17,2006,Los Angeles City of,Bundled,POU,1347389,14158093,186695,210191,2395060,13800,778672,7609278,1243193
18,2006,Merced Irrigation District,Bundled,POU,21112,179605,1742,13167,160656,62,4821,35018,4446
19,2006,Modesto Irrigation District,Bundled,POU,85823,858458,14800,52881,797267,260,111853,904040,93260
20,2006,City of Needles,Bundled,POU,4525,32175,523,131,1716,3,3655,29595,2897
21,2006,Pacific Gas & Electric Co,Bundled,IOU,4834599,34906900,621411,1139414,10953109,1015,4523914,30957122,4486162
22,2006,Pacific Gas & Electric Co,Delivery,IOU,194263,3335231,5707,164829,4212298,252,4689,56101,6939
23,2006,PacifiCorp,Bundled,IOU,24002,294854,7582,10226,158642,1955,33100,397709,34811
24,2006,City of Palo Alto,Bundled,POU,44564,496194,3633,25569,308714,195,15367,161203,24826
25,2006,City of Pasadena,Bundled,POU,98484,877620,8209,0,0,0,42024,335998,53174
26,2006,City of Redding,Bundled,POU,35314,373770,5624,3396,35636,463,36670,389808,36039
27,2006,City of Riverside,Bundled,POU,56106,475568,9907,80252,919252,767,91498,747179,93873
28,2006,City of Roseville,Bundled,POU,39643,439615,6028,23138,341820,29,43108,434466,43768
29,2006,Sacramento Municipal Util Dist,Bundled,POU,75924,668973,52524,499178,5332157,12657,505544,4764852,517345
30,2006,San Diego Gas & Electric Co,Bundled,IOU,1010122,6987017,144485,251951,2260919,487,1266825,7500838,1195907
31,2006,San Diego Gas & Electric Co,Delivery,IOU,54363,1148349,2604,76321,2217547,202,1822,23742,3316
32,2006,San Francisco City & County of,Bundled,POU,57575,674323,8,554,10683,1,0,0,0
33,2006,City of Santa Clara,Bundled,POU,10468,87966,5860,190862,2391721,2098,20053,239026,42468
34,2006,Sierra Pacific Power Co,Bundled,IOU,19568,165463,5209,10430,110641,42,32609,266486,40206
35,2006,Southern California Edison Co,Bundled,IOU,5788895,40053995,552475,1040782,8697668,36371,4739296,30048395,4166496
36,2006,Southern California Edison Co,Delivery,IOU,308740,6856226,12212,87891,2868574,383,10669,140777,13983
37,2006,Southern California Water Co,Bundled,IOU,10426,47147,1516,2455,17543,4,15974,76545,21585
38,2006,City of Shasta Lake,Bundled,POU,1547,11034,339,8515,136112,11,5107,38830,4075
39,2006,Trinity Public Utilities Dist,Bundled,POU,2142,26966,1139,388,7852,1,4035,52646,5824
40,2006,Tuolumne County Pub Power Agny,Bundled,POU,1595,26775,30,0,0,0,0,0,0
41,2006,Truckee Donner P U D,Bundled,POU,9353,71507,1685,0,0,0,9914,72401,11342
42,2006,Turlock Irrigation District,Bundled,POU,26126,306513,22881,75691,915889,3841,84843,725548,70713
43,2006,City of Ukiah,Bundled,POU,8837,74562,1464,361,2472,109,5193,38746,5734
44,2006,City of Vernon,Bundled,POU,28853,328621,1220,65388,833271,759,9,154,28
45,2006,"Moreno Valley, City of",Bundled,POU,2833,17445,331,0,0,0,4663,24827,3854
0,2007,City of Alameda,Bundled,POU,31142,246934,3992,0,0,0,17787,142353,29997
1,2007,City of Anaheim,Bundled,POU,69466,651783,16184,113696,1318029,661,62567,616647,94698
2,2007,City of Azusa,Bundled,POU,11783,91622,1657,8379,84810,31,9202,79129,13843
3,2007,Banning City of,Bundled,POU,7712,60780,1227,2967,20245,17,10580,71868,10861
4,2007,City of Biggs,Bundled,POU,145,927,51,1244,11545,10,639,4621,614
5,2007,City of Burbank,Bundled,POU,44129,290764,6589,73630,612673,164,36157,284875,44009
6,2007,City of Colton,Bundled,POU,17725,104738,2506,18184,158350,45,14427,102990,16002
7,2007,City of Corona DWP,Bundled,POU,6026,41708,316,3402,25357,8,464,2695,330
8,2007,City of Corona DWP,Energy,POU,3630,42510,788,5376,60384,12,0,0,0
9,2007,City of Escondido,Bundled,POU,0,0,0,0,0,0,1,17,1
10,2007,City of Glendale,Bundled,POU,55006,353143,12325,54181,397629,206,59969,390041,70969
11,2007,City of Gridley,Bundled,POU,2284,16204,455,357,3213,10,2163,15005,2269
12,2007,Healdsburg City of,Bundled,POU,2759,22504,1010,2578,26991,40,3475,27152,4355
13,2007,Imperial Irrigation District,Bundled,POU,205072,1629418,19386,12319,80764,861,211233,1648006,121655
14,2007,Lassen Municipal Utility District,Bundled,POU,7363,50719,2862,1259,6908,88,10421,73661,9243
15,2007,City of Lodi,Bundled,POU,26922,181294,3311,12012,118200,29,26982,159247,21972
16,2007,City of Lompoc,Bundled,POU,3909,30182,1416,4963,47308,115,6661,59864,13539
17,2007,Los Angeles City of,Bundled,POU,1402929,14248116,185976,215349,2386497,13539,793333,7533956,1248796
18,2007,Merced Irrigation District,Bundled,POU,22458,191038,1592,16756,189725,68,5752,41911,5628
19,2007,Modesto Irrigation District,Bundled,POU,88439,864354,19281,58423,819400,201,110397,880335,92550
20,2007,City of Needles,Bundled,POU,4652,35185,476,0,0,0,3923,26724,2513
21,2007,Pacific Gas & Electric Co,Bundled,IOU,5099857,37179519,633696,1152449,11522501,1062,4650510,30748883,4544498
22,2007,Pacific Gas & Electric Co,Delivery,IOU,139383,3039611,5399,100384,3635989,243,3754,48257,6074
23,2007,PacifiCorp,Bundled,IOU,27222,312578,7681,11182,162929,1970,39158,409359,35176
24,2007,City of Palo Alto,Bundled,POU,46889,513313,3672,24593,302408,193,15110,162405,24820
25,2007,City of Pasadena,Bundled,POU,105852,880271,8462,0,0,0,44904,332375,53373
26,2007,City of Redding,Bundled,POU,37100,375949,5827,3677,36441,485,37437,390730,36414
27,2007,City of Riverside,Bundled,POU,62147,467051,10108,90085,957328,956,97122,730240,94333
28,2007,City of Roseville,Bundled,POU,45091,455278,6176,24659,354798,31,44804,428606,44278
29,2007,Sacramento Municipal Util Dist,Bundled,POU,76768,698532,53670,506866,5473894,12946,484492,4612303,521243
30,2007,San Diego Gas & Electric Co,Bundled,IOU,1060883,7152187,147533,282878,2274876,506,1215875,7529815,1207092
31,2007,San Diego Gas & Electric Co,Delivery,IOU,49111,1111269,2473,67356,2087198,191,1502,21407,2974
32,2007,San Francisco City & County of,Bundled,POU,61860,740728,5,652,13633,1,0,0,0
33,2007,City of Santa Clara,Bundled,POU,10614,108561,5860,202826,2475351,2098,21195,243843,42468
34,2007,Sierra Pacific Power Co,Bundled,IOU,23505,168278,5293,13391,116160,43,38329,259971,40284
35,2007,Southern California Edison Co,Bundled,IOU,5641570,40959706,564423,966596,8656853,35883,4600413,29824161,4211970
36,2007,Southern California Edison Co,Delivery,IOU,314390,6490374,11960,91934,2690455,365,8599,119331,12082
37,2007,Southern California Water Co,Bundled,IOU,10426,48628,1486,2159,14820,4,15790,76993,21783
38,2007,City of Shasta Lake,Bundled,POU,1690,11894,347,10926,140130,12,5153,39452,4103
39,2007,Trinity Public Utilities Dist,Bundled,POU,2190,27240,1143,384,7713,1,4121,54194,5877
40,2007,Tuolumne County Pub Power Agny,Bundled,POU,1619,26478,30,0,0,0,0,0,0
41,2007,Truckee Donner P U D,Bundled,POU,9655,72390,1514,0,0,0,10265,74010,11483
42,2007,Turlock Irrigation District,Bundled,POU,27947,317172,23494,84738,971680,3948,85044,691774,70981
43,2007,City of Ukiah,Bundled,POU,8929,75018,1496,355,2442,109,4987,37501,5802
44,2007,City of Vernon,Bundled,POU,29415,351374,1084,73210,874517,580,10,119,27
45,2007,"Moreno Valley, City of",Bundled,POU,3431,25457,446,137,1240,26,4637,29523,4620
0,2008,City of Alameda,Bundled,POU,31357.8,250102,4133,0,0,0,17783.2,142718,30084
1,2008,City of Anaheim,Bundled,POU,83733,655372,16271,136553,1310268,667,77384,636669,95059
2,2008,City of Azusa,Bundled,POU,12795,90232,1657,8482,81451,33,9669,80558,13960
3,2008,Banning City of,Bundled,POU,7739,52830,1159,4128,26361,17,11747,71096,10528
4,2008,City of Biggs,Bundled,POU,155,919,51,1451,12546,10,720,4627,614
5,2008,City of Burbank Water and Power,Bundled,POU,48601,315972,6801,69489,578141,71,37424,286387,44279
6,2008,City of Colton,Bundled,POU,18124,96596,2605,21307,161225,52,14946,98654,16032
7,2008,City of Corona,Bundled,POU,6751,48034,356,3856,30785,9,466,2566,340
8,2008,City of Corona,Energy,POU,3407,38656,816,5412,58613,9,0,0,0
9,2008,City of Escondido,Bundled,POU,0,0,0,0,0,0,1,54,1
10,2008,City of Glendale,Bundled,POU,62331,360936,12442,55383,376476,296,69654,417999,71380
11,2008,City of Gridley,Bundled,POU,2753,18011,473,348,3124,10,2222,15373,2285
12,2008,Healdsburg City of,Bundled,POU,3639,31671,1025,1796,17898,38,3500,27040,4414
13,2008,Imperial Irrigation District,Bundled,POU,230520,1781316,20769,3498,5107,18,216326,1591543,123529
14,2008,Lassen Municipal Utility District,Bundled,POU,7708,50586,2877,1684,8159,100,11162,74727,9295
15,2008,City of Lodi,Bundled,POU,27305,167415,3568,14592,129430,29,27127,153563,22067
16,2008,City of Lompoc,Bundled,POU,4248,30026,1334,5163,45128,119,7212,59012,12946
17,2008,Los Angeles City of,Bundled,POU,1534714,14584092,183715,222272,2281886,13239,877738,7815829,1264271
18,2008,Merced Irrigation District,Bundled,POU,24542,200218,1313,17580,185348,70,6895,46004,6011
19,2008,Modesto Irrigation District,Bundled,POU,97062,876342,19203,64254,836085,158,122397,891332,91364
20,2008,City of Needles,Bundled,POU,4520,29926,486,0,0,0,3707,28186,2538
21,2008,Pacific Gas & Electric Co,Bundled,IOU,4553339,37700494,645395,1150439,12962206,1096,4156180,31415373,4621878
22,2008,Pacific Gas & Electric Co,Delivery,IOU,135683,2966539,5274,100848,3185749,224,2744,38771,4869
23,2008,PacifiCorp,Bundled,IOU,29786,306833,7746,12710,157686,1978,44492,418335,35347
24,2008,City of Palo Alto,Bundled,POU,45053,515028,3658,29649,313245,191,17622,163336,24484
25,2008,City of Pasadena,Bundled,POU,119301,918316,8843,0,0,0,50407,342719,54142
26,2008,City of Redding,Bundled,POU,41858,394848,5957,1813,15491,348,40782,387686,36546
27,2008,City of Riverside,Bundled,POU,68619,462320,10148,98649,978500,1103,104781,746824,94704
28,2008,City of Roseville,Bundled,POU,47584,457521,6365,27421,348607,33,51397,437344,45068
29,2008,Sacramento Municipal Util Dist,Bundled,POU,82200,701258,54497,542817,5482669,13104,522878,4700947,522951
30,2008,San Diego Gas & Electric Co,Bundled,IOU,1083098.6,7261407,149048,273300.4,2350785,515,1249982.6,7698468,1213279
31,2008,San Diego Gas & Electric Co,Delivery,IOU,42028,1082305,2369,57592,2133077,187,1130,19208,2658
32,2008,San Francisco City & County of,Bundled,POU,70954,855678,90,876,14784,1,0,0,0
33,2008,City of Santa Clara,Bundled,POU,10756,85376,5881,213944,2525448,1925,22068,247217,43434
34,2008,Sierra Pacific Power Co,Bundled,IOU,21890,164138,5397,11969,109595,47,36886,261538,40778
35,2008,Southern California Edison Co,Bundled,IOU,5644772,41643256,570735,940597,8605991,35663,4589389,30643314,4231943
36,2008,Southern California Edison Co,Delivery,IOU,320615,6268404,11540,90035,2482634,346,7003,101553,10342
37,2008,Southern California Water Co,Bundled,IOU,10139,45564,1460,1880,13288,4,16183,78507,21710
38,2008,City of Shasta Lake,Bundled,POU,1766,12154,347,12833,132636,12,5893,40133,4096
39,2008,Trinity Public Utilities Dist,Bundled,POU,2066,27155,1154,364,7244,1,4161,56197,5913
40,2008,Tuolumne County Pub Power Agny,Bundled,POU,1419,26254,31,0,0,0,0,0,0
41,2008,Truckee Donner P U D,Bundled,POU,10413.7,72645,1520,0,0,0,11183.7,75203,11627
42,2008,Turlock Irrigation District,Bundled,POU,30327,323788,23980,91878,988226,3974,91255,710845,70594
43,2008,City of Ukiah,Bundled,POU,9007,76662,1532,312,2224,76,5047,37978,5969
44,2008,City of Vernon,Bundled,POU,33739,353882,1139,71211,854172,587,12,141,26
45,2008,Northern California Power Agny,Energy,POU,0,0,0,0,0,0,0,0,0
46,2008,"Moreno Valley, City of",Bundled,POU,3493.4,24422,540,1975.5,16266,7,5127.5,32344,4761
47,2008,Rancho Cucamonga Municipal Utility,Bundled,POU,8493,62565,443,0,0,0,0,0,0
0,2009,City of Alameda,Bundled,POU,31076.2,247629,4153,0,0,0,17365.6,140048,30119
1,2009,City of Anaheim,Bundled,POU,88524,625561,16320,141114,1225219,606,83569,628069,95953
2,2009,City of Azusa,Bundled,POU,12353,87434,1637,9056,84835,36,9866,80848,13730
3,2009,Banning City of,Bundled,POU,8122,50776,1130,3055,17542,17,11836,68090,10655
4,2009,City of Biggs,Bundled,POU,161,872,49,1491,10537,10,796,5069,611
5,2009,City of Burbank Water and Power,Bundled,POU,113040,898483,6868,0,0,0,37878,285504,44499
6,2009,City of Colton,Bundled,POU,16136,80917,2629,23295,170703,60,15317,97229,15994
7,2009,City of Corona,Bundled,POU,6418.7,45452,354,3216.4,29258,9,446.2,2622,356
8,2009,City of Corona,Energy,POU,3224,37691,815,4454.9,48588,9,0,0,0
9,2009,City of Glendale,Bundled,POU,55863,335260,12663,58335,400640,221,63419,383684,71477
10,2009,City of Gridley,Bundled,POU,2499,15439,484,311,2508,11,2343,14929,2296
11,2009,Healdsburg City of,Bundled,POU,4938,40854,1114,984,9146,54,3658,27045,4371
12,2009,Imperial Irrigation District,Bundled,POU,222632,1740695,21021,3992,6146,19,214402,1569280,124586
13,2009,Lassen Municipal Utility District,Bundled,POU,7732.4,49891,2856,1356.4,7187,116,11475,74702,9272
14,2009,City of Lodi,Bundled,POU,29108,167529,3378,15875,131060,28,29018,153487,22098
15,2009,City of Lompoc,Bundled,POU,4417,29507,1311,5548,45524,123,7536,59221,12951
16,2009,Los Angeles City of,Bundled,POU,1633536,13923536,182103,227799,2173269,12797,916570,7546231,1253978
17,2009,Merced Irrigation District,Bundled,POU,25700,199474,1225,17745,177604,71,7834,48876,6200
18,2009,Modesto Irrigation District,Bundled,POU,100943,847122,19109,66329,786935,145,132690,893956,92125
19,2009,City of Needles,Bundled,POU,3929,30491,458,0,0,0,3499,25709,2497
20,2009,Pacific Gas & Electric Co,Bundled,IOU,5045144,36861612,639851,1250019.8,11921077,1124,4598372.2,31202173,4574196
21,2009,Pacific Gas & Electric Co,Delivery,IOU,112444,2725868,4918,84313,2884465,211,2356,32509,3954
22,2009,PacifiCorp,Bundled,IOU,31771.4,302412,7756,13176.6,139214,1974,46534.2,406600,35418
23,2009,City of Palo Alto,Bundled,POU,53752,516462,3765,31624,298058,202,19433,160983,24863
24,2009,City of Pasadena,Bundled,POU,114728.9,873148,8550,0,0,0,49199.5,331682,53579
25,2009,City of Redding,Bundled,POU,43630,384161,5934,1775,14349,360,43679,388147,36615
26,2009,City of Riverside,Bundled,POU,70377,441381,10096,98124,931094,986,104592,712198,94720
27,2009,City of Roseville,Bundled,POU,49744,450126,6170,28720,341695,34,55523,441223,45930
28,2009,Sacramento Municipal Util Dist,Bundled,POU,79015.3,668385,54794,528637.9,5270062,13121,522075.5,4711339,525627
29,2009,San Diego Gas & Electric Co,Bundled,IOU,1205798.2,7071492,148924,325708.2,2287159,515,1389307.8,7536082,1221178
30,2009,San Diego Gas & Electric Co,Delivery,IOU,45178,1007774,2215,60379,2095273,181,857,15826,2308
31,2009,San Francisco City & County of,Bundled,POU,76169.1,857145,90,484.2,10696,1,0,0,0
32,2009,City of Santa Clara,Bundled,POU,10835,83787,5917,218543,2467421,2067,22837,248796,43746
33,2009,Sierra Pacific Power Co,Bundled,IOU,19128,160370,5407,10918,113935,49,33468,267232,40877
34,2009,Southern California Edison Co,Bundled,IOU,5514199,39981217,573642,864917,8020124,35068,4593713,29981975,4246361
35,2009,Southern California Edison Co,Delivery,IOU,279956,5783745,10801,60423,1935816,326,5864,81084,8595
36,2009,Bear Valley Electric Service,Bundled,IOU,9906.3,43782,1453,2451.3,15518,8,16125.2,77065,21636
37,2009,City of Shasta Lake,Bundled,POU,1668,12058,341,9080,138434,12,5418,40227,4089
38,2009,Trinity Public Utilities Dist,Bundled,POU,2051,26952,1169,298,5683,1,4271,57432,5925
39,2009,Tuolumne County Pub Power Agny,Bundled,POU,1470.4,25037,31,0,0,0,0,0,0
40,2009,Truckee Donner P U D,Bundled,POU,10511,70493,1525,0,0,0,11645,75927,11621
41,2009,Turlock Irrigation District,Bundled,POU,34927,316732,24116,103409,964922,4004,103056,720505,71333
42,2009,City of Ukiah,Bundled,POU,8348,69612,1420,252,1777,77,5528,41934,6021
43,2009,City of Vernon,Bundled,POU,35724.6,349448,1215,69333.9,775653,638,11.2,185,27
44,2009,Northern California Power Agny,Energy,POU,0,0,0,0,0,0,0,0,0
45,2009,"Moreno Valley, City of",Bundled,POU,3950.2,29139,536,3184.4,26711,8,5156.9,32680,4863
46,2009,Rancho Cucamonga Municipal Utility,Bundled,POU,8975,64356,484,0,0,0,0,0,0
0,2010,City of Alameda,Bundled,POU,30329,243711,4369,0,0,0,17647.6,139409,30030
1,2010,City of Anaheim,Bundled,POU,102210.5,679877,16556,136047.5,1108760,444,82201,573507,97069
2,2010,City of Azusa,Bundled,POU,10796,83184,1642,9405,84604,36,9899,77828,13598
3,2010,Banning City of,Bundled,POU,10560,58230,1122,1596,9395,6,11812,65417,10642
4,2010,City of Biggs,Bundled,POU,160,861,52,1537,10951,10,775,4425,625
5,2010,City of Burbank Water and Power,Bundled,POU,111853,859014,6981,0,0,0,37379,276768,44833
6,2010,City of Colton,Bundled,POU,15866,73335,2648,24724,173596,74,15552,92610,15994
7,2010,City of Corona,Bundled,POU,6198.8,44434,347,3239.3,27779,8,442.7,2783,413
8,2010,City of Corona,Energy,POU,2514.3,29673,826,4017.9,44895,8,0,0,0
9,2010,City of Glendale,Bundled,POU,49092.4,323035,12695,50864.2,386797,228,54505.8,366298,71755
10,2010,City of Gridley,Bundled,POU,2609,15561,484,314,2508,11,2522,14905,2301
11,2010,Healdsburg City of,Bundled,POU,5313,39265,1066,987,7949,53,3890,26995,4387
12,2010,Imperial Irrigation District,Bundled,POU,215511,1562570,20087,4264,74148,819,205297,1581553,125740
13,2010,Lassen Municipal Utility District,Bundled,POU,7346,49202,2856,1446,8131,108,10957,73964,9187
14,2010,City of Lodi,Bundled,POU,27007,158209,3248,15015,125001,29,27642,150812,22970
15,2010,City of Lompoc,Bundled,POU,4738,27343,1312,6617,47351,123,8657,58563,13026
16,2010,Los Angeles Department of Water & Power,Bundled,POU,1683933,13493111,182902,233372,2139427,12498,905630,7165691,1255008
17,2010,Merced Irrigation District,Bundled,POU,25314,211781,1226,16493,166091,74,7369,48072,6327
18,2010,Modesto Irrigation District,Bundled,POU,105270,829108,19179,68043,752103,158,134873,848240,93307
19,2010,City of Needles,Bundled,POU,3190,29094,458,0,0,0,2667,26069,2497
20,2010,Pacific Gas & Electric Co,Bundled,IOU,5523125,38885857,645673,1269056,14414953,1293,4841610,30744336,4565636
21,2010,Pacific Gas & Electric Co,Delivery,IOU,144107,2805291,5171,114594,3183731,217,10263,86069,7742
22,2010,PacifiCorp,Bundled,IOU,29740.3,291446,7756,13022.2,136237,1966,44742.1,402961,35373
23,2010,City of Palo Alto,Bundled,POU,62258,519835,3760,29579,268472,182,20443,161470,25756
24,2010,City of Pasadena,Bundled,POU,109271,828157,8605,0,0,0,46570,315971,53922
25,2010,City of Redding,Bundled,POU,46251,374781,6071,1811,13636,355,46111,376867,36765
26,2010,City of Riverside,Bundled,POU,69000,421519,10053,100264,908034,986,106370,666645,95023
27,2010,City of Roseville,Bundled,POU,51977,425554,6226,30871,332360,36,57992,421352,46752
28,2010,Sacramento Municipal Util Dist,Bundled,POU,83662.2,645424,55121,559954.7,5108162,12899,535511.5,4490357,527993
29,2010,San Diego Gas & Electric Co,Bundled,IOU,1104654.9,6747908,149017,295429.5,2131425,506,1262173.8,7304159,1228941
30,2010,San Diego Gas & Electric Co,Delivery,IOU,50315,972460,2180,72950,2216165,186,932,13762,2088
31,2010,San Francisco City & County of,Bundled,POU,76744,846224,1938,351,6650,1,0,0,0
32,2010,City of Santa Clara,Bundled,POU,11802,108463,5981,232172,2421278,1839,23741,241856,44048
33,2010,Sierra Pacific Power Co,Bundled,IOU,20056,156338,5363,12072,115884,54,37337,276674,40714
34,2010,Southern California Edison Co,Bundled,IOU,4890365,38650369,577038,735007,7921618,33968,4105882,28960709,4269757
35,2010,Southern California Edison Co,Delivery,IOU,255536,6013432,11176,42722,1864589,339,6621,71976,7977
36,2010,Bear Valley Electric Service,Bundled,IOU,11315,39338,1473,3203.3,16014,8,20918.5,76815,21723
37,2010,City of Shasta Lake,Bundled,POU,1679,11705,353,8010,122707,11,5398,39852,4040
38,2010,Trinity Public Utilities Dist,Bundled,POU,2028,26717,1175,72,1141,1,4419,59824,5963
39,2010,Tuolumne County Pub Power Agny,Bundled,POU,1526.6,24679,31,0,0,0,0,0,0
40,2010,Truckee Donner P U D,Bundled,POU,10359,68930,1494,0,0,0,12009,78191,11643
41,2010,Turlock Irrigation District,Bundled,POU,33997,297711,24028,101111,936727,4021,97538,672229,71559
42,2010,City of Ukiah,Bundled,POU,8040,65794,1459,228,1578,66,5174,39256,6164
43,2010,City of Vernon,Bundled,POU,40284.4,362841,1240,76141.7,775262,627,12.8,175,27
44,2010,Northern California Power Agny,Energy,POU,0,0,0,0,0,0,0,0,0
45,2010,"Moreno Valley, City of",Bundled,POU,4092,28190,551,4248.1,33877,9,5411.9,33397,5001
46,2010,Rancho Cucamonga Municipal Utility,Bundled,POU,9123,64620,486,0,0,0,0,0,0
0,2011,City of Alameda,Bundled,POU,31609,240331,4110,0,0,0,18257.7,142306,30171
1,2011,City of Anaheim - (CA),Bundled,POU,102126,698297,16629,136277,1093934,438,83884,585248,97870
2,2011,City of Azusa,Bundled,POU,13120,79531,1653,9856,84663,36,9853,74534,13673
3,2011,City of Banning - (CA),Bundled,POU,11217.4,58410,1120,1349.1,8173,5,12296.2,65980,10689
4,2011,City of Biggs,Bundled,POU,168,909,52,1709,12170,10,761,4371,625
5,2011,City of Burbank Water and Power,Bundled,POU,118839.9,853928,6962,0,0,0,38388.4,264780,45049
6,2011,City of Colton- (CA),Bundled,POU,15932,70872,2677,25646,179319,73,15519,89825,16055
7,2011,City of Corona,Bundled,POU,6202.6,43857,360,3278.4,26582,8,470.1,2938,458
8,2011,City of Corona,Energy,POU,2446.3,27507,854,3959.2,41635,7,0,0,0
9,2011,City of Escondido,Bundled,POU,0,0,0,0,0,0,0.1,6,1
10,2011,City of Glendale,Bundled,POU,48595,323601,12712,50097,390862,221,54603,370567,71948
11,2011,City of Gridley,Bundled,POU,2698,15165,474,409,3170,11,2683,14903,2304
12,2011,City of Healdsburg - (CA),Bundled,POU,5294,39233,966,991,8061,52,4027,27834,4580
13,2011,Imperial Irrigation District,Bundled,POU,197517.4,1725113,21369,449.6,7819,18,183783,1552279,126809
14,2011,Lassen Municipal Utility District,Bundled,POU,6776,48299,2868,1221,6962,112,10229,73619,9163
15,2011,City of Lodi - (CA),Bundled,POU,23740,148801,3355,13915,128073,31,24513,144257,22013
16,2011,City of Lompoc- (CA),Bundled,POU,5225,27041,1351,6975,44789,122,9277,57487,13074
17,2011,Los Angeles Department of Water & Power,Bundled,POU,1735884,13616080,185028,237997,2063270,12359,939745,7334524,1265687
18,2011,Merced Irrigation District,Bundled,POU,25081.7,215520,1249,16893.2,175582,78,7812.5,50985,6433
19,2011,Modesto Irrigation District,Bundled,POU,114465,830019,19480,73607,757871,155,146826,857822,94015
20,2011,City of Needles,Bundled,POU,4325,32725,465,0,0,0,2549,22351,2516
21,2011,Pacific Gas & Electric Co,Bundled,IOU,5486004,38534089,638387,1366701,14496510,1047,4729295,30871669,4574094
22,2011,Pacific Gas & Electric Co,Delivery,IOU,275847,3861358,7621,209163,4489404,278,20896,142890,12072
23,2011,PacifiCorp,Bundled,IOU,33765.8,283709,7742,14142.2,124211,1971,51616.8,400728,35277
24,2011,City of Palo Alto - (CA),Bundled,POU,63369,537467,3575,27515,251541,160,20224,160464,25800
25,2011,City of Pasadena - (CA),Bundled,POU,109636,809131,8470,0,0,0,48685,321424,54540
26,2011,City of Redding,Bundled,POU,49345,373375,5916,1867,12985,354,49058,373615,36907
27,2011,City of Riverside - (CA),Bundled,POU,70131,434244,10316,104413,932846,818,109791,680187,94986
28,2011,City of Roseville - (CA),Bundled,POU,56158,423993,6249,31638,317869,36,64409,431527,47268
29,2011,Sacramento Municipal Util Dist,Bundled,POU,87636.4,644593,55576,579021.2,5117720,12922,567053.4,4591258,530182
30,2011,San Diego Gas & Electric Co,Bundled,IOU,1081636.9,6738879,149382,265649.2,2036841,481,1305535.4,7374268,1235917
31,2011,San Diego Gas & Electric Co,Delivery,IOU,62048,1048474,2727,85141,2203784,203,1065,13213,1989
32,2011,City & County of San Francisco,Bundled,POU,77519,857615,1491,299,5894,1,0,0,0
33,2011,City of Santa Clara - (CA),Bundled,POU,13287,91175,6109,260213,2527624,1796,25344,243493,44284
34,2011,Southern California Edison Co,Bundled,IOU,4634174,36965101,577517,691769,7679807,33343,4261803,29561822,4287994
35,2011,Southern California Edison Co,Delivery,IOU,372972,7864051,14338,56449,2064784,428,6849,69027,7530
36,2011,Bear Valley Electric Service,Bundled,IOU,11648.9,37542,1509,4048.7,20589,10,21036.6,78398,21747
37,2011,City of Shasta Lake - (CA),Bundled,POU,1718,11884,349,8223,139343,11,5448,40088,4034
38,2011,Trinity Public Utilities Dist,Bundled,POU,2067,26802,1234,398,6625,1,4572,61858,5988
39,2011,Tuolumne County Pub Power Agny,Bundled,POU,1559.1,24841,31,0,0,0,0,0,0
40,2011,Truckee Donner P U D,Bundled,POU,10309,68979,1495,0,0,0,12335,80536,11661
41,2011,Turlock Irrigation District,Bundled,POU,34297,300014,24024,103126,948582,4079,100693,694030,71829
42,2011,City of Ukiah,Bundled,POU,8381.7,69876,1470,230.1,1627,59,5428.2,41158,6183
43,2011,City of Vernon,Bundled,POU,41405.7,369338,1255,75917.8,774645,610,12.5,176,27
44,2011,Northern California Power Agny,Energy,POU,0,0,0,0,0,0,0,0,0
45,2011,City of Moreno Valley - (CA),Bundled,POU,3933.8,29258,539,4871.7,44562,11,5374,32452,5014
46,2011,Rancho Cucamonga Municipal Utility,Bundled,POU,9142,64433,484,0,0,0,0,0,0
47,2011,Liberty Utilities,Bundled,IOU,20226.4,154704,5380,12460,118003,53,37048.4,267783,40916
0,2012,City of Alameda,Bundled,POU,31889.2,234122,4144,0,0,0,18488.1,139665,30194
1,2012,City of Anaheim - (CA),Bundled,POU,111826,718527,16631,142261,1114157,432,91768,604605,98185
2,2012,City of Azusa,Bundled,POU,15592,77929,1692,9613,82242,37,10110,76356,13838
3,2012,City of Banning - (CA),Bundled,POU,10715.3,60089,1120,1373.1,9762,5,12082.5,69554,10556
4,2012,City of Burbank Water and Power,Bundled,POU,120132.1,856030,6932,0,0,0,39180,264534,45164
5,2012,City of Colton- (CA),Bundled,POU,16105.8,70975,2717,26624.4,179649,75,16859.1,98002,16086
6,2012,City of Corona - (CA),Bundled,POU,6353.9,45075,356,3312.8,26600,8,546.3,3286,479
7,2012,City of Corona - (CA),Energy,POU,2157.1,25015,852,3592.4,40918,7,0,0,0
8,2012,City of Escondido - (CA),Bundled,POU,0,0,0,0,0,0,0,0,0
9,2012,City of Glendale,Bundled,POU,50291,336897,12816,49225,387400,219,57192,384621,72125
10,2012,City of Healdsburg - (CA),Bundled,POU,5262,39006,958,961.5,7798,51,3901.3,27305,4605
11,2012,Imperial Irrigation District,Bundled,POU,186072,1656752,20441,12327,83846,835,195900,1646105,127334
12,2012,Lassen Municipal Utility District,Bundled,POU,6617.6,48943,2872,1500.7,9260,122,9704.5,72867,9124
13,2012,City of Lodi - (CA),Bundled,POU,22740,150881,3507,14023,132659,31,25135,152614,21843
14,2012,City of Lompoc- (CA),Bundled,POU,6293.9,30719,1350,6305.9,41268,110,9208.9,56398,13097
15,2012,Los Angeles Department of Water & Power,Bundled,POU,1798328,14117217,185627,224944,1918390,12166,983364,7548363,1274694
16,2012,Merced Irrigation District,Bundled,POU,22392,219442,1305,19862,173529,60,8444,54865,6556
17,2012,Modesto Irrigation District,Bundled,POU,120805,857948,19655,79216,785099,157,153521,865052,94119
18,2012,Pacific Gas & Electric Co,Bundled,IOU,5324535,35614499,641663,1150208,10527444,1037,4806046,30776176,4599078
19,2012,Pacific Gas & Electric Co,Delivery,IOU,306699,4375563,13143,232366,4864187,313,38657,305874,44028
20,2012,PacifiCorp,Bundled,IOU,33304.7,276024,7644,14561.9,120316,1962,50618.6,386321,35349
21,2012,City of Palo Alto - (CA),Bundled,POU,64348,549835,3706,24897,227282,150,19769,157905,25393
22,2012,City of Pasadena - (CA),Bundled,POU,109449.8,796368,8405,0,0,0,51289.2,333664,54482
23,2012,City of Redding - (CA),Bundled,POU,54696,380297,5936,2126,13826,334,53655,376125,37048
24,2012,City of Riverside - (CA),Bundled,POU,72311,450590,10450,109885,998862,848,116151,722504,96064
25,2012,City of Roseville - (CA),Bundled,POU,58868,445115,6536,30122,308364,30,66363,444345,47994
26,2012,Sacramento Municipal Util Dist,Bundled,POU,88977.2,643570,55360,577468.9,5138085,13353,575531.1,4644196,533393
27,2012,San Diego Gas & Electric Co,Bundled,IOU,1024241.9,6902279,149560,249492.9,2042302,465,1241708.2,7586922,1242395
28,2012,San Diego Gas & Electric Co,Delivery,IOU,62400.1,1139857,3161,84143.3,2246368,206,1019.1,12754,1887
29,2012,City & County of San Francisco,Bundled,POU,76935,857192,1941,312,6038,1,0,0,0
30,2012,City of Santa Clara - (CA),Bundled,POU,15408,112078,6264,263172,2571963,1768,24756,238070,44350
31,2012,Southern California Edison Co,Bundled,IOU,4948472,37132932,572457,756348,7914352,32698,4878341,30497707,4305586
32,2012,Southern California Edison Co,Delivery,IOU,456007,8619611,22950,69193,2197970,449,6706,65776,6937
33,2012,Bear Valley Electric Service,Bundled,IOU,12260.8,36611,1489,3509.9,16882,10,20682.7,74409,21905
34,2012,City of Shasta Lake - (CA),Bundled,POU,2329,11548,344,7418,130811,11,5250,38942,4046
35,2012,Truckee Donner P U D,Bundled,POU,10227,68360,1491,0,0,0,11869,77162,11692
36,2012,Turlock Irrigation District,Bundled,POU,31528,252814,23731,111168,984877,4168,105961,708278,72045
37,2012,City of Ukiah - (CA),Bundled,POU,8104,68244,1472,211,1447,60,5396,40958,6273
38,2012,City of Vernon,Bundled,POU,48831.6,374715,1275,86695.4,770242,595,14.2,173,28
39,2012,Northern California Power Agny,Energy,POU,0,0,0,0,0,0,0,0,0
40,2012,City of Moreno Valley - (CA),Bundled,POU,4359.6,29496,614,6734.8,54457,12,6611.7,37713,5033
41,2012,City of Victorville - (CA),Bundled,POU,0,0,0,9054,73552,48,0,0,0
42,2012,Liberty Utilities,Bundled,IOU,31321,271772,7708,0,0,0,37629,273628,41063
43,2012,Hercules Municipal Utility,Bundled,POU,2019.8,12152,135,0,0,0,711.5,3883,700
44,2012,Pittsburg Power Company,Bundled,POU,2759.4,15478,183,0,0,0,269.3,1594,287
0,2013,City of Alameda,Bundled,POU,31922.8,227520,4145,0,0,0,18781.4,135924,30260
1,2013,City of Anaheim - (CA),Bundled,POU,128448,713330,16702,159568,1084048,362,101941,584317,98513
2,2013,City of Azusa,Bundled,POU,15208.7,80734,1712,9920.4,85099,36,10744.2,81590,14001
3,2013,City of Banning - (CA),Bundled,POU,11687,58576,1142,1928.9,12556,9,12976.1,66885,10628
4,2013,City of Burbank Water and Power,Bundled,POU,121817,860585,6989,0,0,0,42582,281472,45287
5,2013,City of Colton - (CA),Bundled,POU,15110.4,76622,2725,26160.5,175124,76,15856.4,96063,16129
6,2013,City of Corona - (CA),Bundled,POU,6399.1,44802,363,3323.9,27524,8,507.5,3177,485
7,2013,City of Corona - (CA),Energy,POU,2208.8,25879,980,3574,40439,7,0,0,0
8,2013,East Bay Municipal Util Dist,Energy,POU,0,0,0,763,10749,1,0,0,0
9,2013,City of Escondido - (CA),Bundled,POU,0,0,0,0,0,0,0,0,0
10,2013,City of Glendale - (CA),Bundled,POU,99693,693916,10899,2212,16484,19,58306,391561,74104
11,2013,City of Healdsburg - (CA),Bundled,POU,5406.3,40515,961,928.3,6964,50,4262.8,27481,4689
12,2013,Imperial Irrigation District,Bundled,POU,197895,1563007,22570,12482,85455,829,224590,1703362,142550
13,2013,Lassen Municipal Utility District,Bundled,POU,6579.9,48692,2862,1493.3,9679,128,9862.5,73956,9082
14,2013,City of Lodi - (CA),Bundled,POU,24757.5,155229,3165,14497.4,131519,30,25356.8,149613,22380
15,2013,City of Lompoc - (CA),Bundled,POU,5861,29948,1569,7083,45160,120,8748,55028,13133
16,2013,Los Angeles Department of Water & Power,Bundled,POU,1792320.9,12964979,117334,239710.4,1898161,11357,1077489.2,7632768,1326515
17,2013,Merced Irrigation District,Bundled,POU,22067.5,229550,1327,21141.4,173398,67,9447,55108,6634
18,2013,Modesto Irrigation District,Bundled,POU,120217,855621,20336,78308,781090,159,152669,862767,95197
19,2013,Pacific Gas & Electric Co,Bundled,IOU,4850222,28942571,555459,2224062,16779603,88969,5188291,30475374,4592296
20,2013,Pacific Gas & Electric Co,Delivery,IOU,304869,4650061,20440,221297,5213818,334,62034,559286,96854
21,2013,PacifiCorp,Bundled,IOU,32959.4,260176,7431,16968.6,144311,1947,52515,390347,35380
22,2013,City of Palo Alto - (CA),Bundled,POU,68047,576182,3719,23755,219218,131,19658,157835,25438
23,2013,City of Pasadena - (CA),Bundled,POU,108087.4,778134,8400,0,0,0,50105.7,323165,54592
24,2013,City of Redding - (CA),Bundled,POU,58235,384012,5957,2152,12969,331,55955,369220,37223
25,2013,City of Riverside - (CA),Bundled,POU,72403,448119,10441,109728,988627,896,114249,703046,96450
26,2013,City of Roseville - (CA),Bundled,POU,61372.3,451016,6648,29821,291953,31,65881.6,436257,48729
27,2013,Sacramento Municipal Util Dist,Bundled,POU,90066.2,643332,56222,577320.1,5119004,12783,581411.3,4655065,538721
28,2013,San Diego Gas & Electric Co,Bundled,IOU,1086620.5,6723283,149751,256796.7,1961744,461,1282884.2,7392246,1249530
29,2013,San Diego Gas & Electric Co,Delivery,IOU,65691.4,1197963,3473,84368,2382969,216,904,11744,1782
30,2013,City & County of San Francisco,Bundled,POU,82181,864567,2001,341,6121,1,0,0,0
31,2013,City of Santa Clara - (CA),Bundled,POU,13624.7,92614,6188,266540.4,2622287,1749,25337.8,241832,44540
32,2013,Southern California Edison Co,Bundled,IOU,5270935,36850508,575910,824231,7826556,32040,4921387,29742778,4327366
33,2013,Southern California Edison Co,Delivery,IOU,452347,8698168,22976,76566,2420099,441,6137,59734,6509
34,2013,Bear Valley Electric Service,Bundled,IOU,12422.5,39215,1501,3252.6,17794,9,21055.1,76429,21997
35,2013,City of Shasta Lake - (CA),Bundled,POU,1798,11691,342,8678,138514,11,5977,37868,4128
36,2013,Truckee Donner P U D,Bundled,POU,10284,68900,1488,0,0,0,12001,77989,11748
37,2013,Turlock Irrigation District,Bundled,POU,33666,257858,23827,119669,1002528,4172,111460,715505,72278
38,2013,City of Ukiah - (CA),Bundled,POU,7669,64229,1488,189,1275,59,5346,40823,6245
39,2013,City of Vernon,Bundled,POU,55498.4,382980,1283,92489.8,753468,582,16,160,29
40,2013,Northern California Power Agny,Energy,POU,0,0,0,0,0,0,0,0,0
41,2013,City of Moreno Valley - (CA),Bundled,POU,4913.6,32522,632,6919.2,53548,19,6768.4,36548,5163
42,2013,City of Victorville - (CA),Bundled,POU,0,0,0,9503.3,73733,48,0,0,0
43,2013,Liberty Utilities,Bundled,IOU,33978,278548,5833,0,0,0,38574,281343,41701
44,2013,Aha Macav Power Service,Bundled,POU,94.4,31,7,162.1,2180,11,103.3,1360,94
45,2013,Hercules Municipal Utility,Bundled,POU,1746.3,11439,135,0,0,0,749.8,3881,700
46,2013,Pittsburg Power Company,Bundled,POU,2917,15785,178,0,0,0,295,1648,290
47,2013,City of Cerritos - (CA),Bundled,POU,4083,56451,270,411,6756,5,0,0,0
0,2014,City of Alameda,Bundled,POU,31881.9,220476,4073,0,0,0,18797.7,127528,30336
1,2014,City of Anaheim - (CA),Bundled,POU,115922,759259,16836,131379,1097559,356,90877,609720,98474
2,2014,City of Azusa,Bundled,POU,15623,82067,1737,10343,89144,33,10495,79069,14185
3,2014,City of Banning - (CA),Bundled,POU,11359.3,56371,1113,2957.7,20044,11,13162.2,67086,10748
4,2014,City of Burbank Water and Power,Bundled,POU,122608,855800,7155,0,0,0,41047,267682,45284
5,2014,City of Colton - (CA),Bundled,POU,14289.5,72883,2745,26324.2,177656,79,15676,98058,16244
6,2014,City of Corona - (CA),Bundled,POU,6609,45515,380,3877.3,28996,8,627.8,3909,558
7,2014,City of Corona - (CA),Energy,POU,2107.1,26109,1022,3462.1,41096,6,0,0,0
8,2014,City of Escondido - (CA),Bundled,POU,0,0,0,0,0,0,0,0,0
9,2014,City of Glendale - (CA),Bundled,POU,102918.2,692718,13019,2543,17178,18,62636.4,378771,72975
10,2014,City of Healdsburg - (CA),Bundled,POU,5416,40181,983,932,6881,49,4195,26761,4728
11,2014,Imperial Irrigation District,Bundled,POU,185548,1564172,20600,12284,86938,837,212348,1741325,129973
12,2014,Lassen Municipal Utility District,Bundled,POU,6644,48367,2865,1844,12092,136,9542,70079,9062
13,2014,City of Lodi - (CA),Bundled,POU,24604.6,161451,3633,13741.9,131370,30,24985.5,152064,22245
14,2014,City of Lompoc - (CA),Bundled,POU,5919.7,30310,1627,7816.1,49110,119,8461.2,53883,13228
15,2014,Los Angeles Department of Water & Power,Bundled,POU,1944851.2,13342552,88984,250585,1817959,9429,1224174.9,8165544,1310678
16,2014,Merced Irrigation District,Bundled,POU,28228,230264,1391,14987.8,179008,72,9125.3,56301,6780
17,2014,Modesto Irrigation District,Bundled,POU,124095,864032,20663,79644,768953,164,156132,868541,95835
18,2014,Pacific Gas & Electric Co,Bundled,IOU,5076272,28107971,539245,2518964,17717470,88617,4900189,29289082,4560446
19,2014,Pacific Gas & Electric Co,Delivery,IOU,366593,5198721,31868,243892,5567395,358,58038,626807,118729
20,2014,PacifiCorp,Bundled,IOU,33621.4,239516,7366,21104.6,162812,1955,38971.3,351820,35411
21,2014,City of Palo Alto - (CA),Bundled,POU,69837,593619,3819,22674,210241,113,18077,149525,25321
22,2014,City of Pasadena - (CA),Bundled,POU,113566.9,787239,8446,0,0,0,54487.4,329320,54723
23,2014,City of Redding - (CA),Bundled,POU,62223,381944,5958,2230,12532,328,59617,365665,37360
24,2014,City of Riverside - (CA),Bundled,POU,73793,457823,10682,113385,1007840,890,114692,718970,96878
25,2014,City of Roseville - (CA),Bundled,POU,62807.2,451572,6619,32166.9,302420,32,68164.5,440146,49372
26,2014,Sacramento Municipal Util Dist,Bundled,POU,487427.1,3875915,66718,194249.6,1950311,2556,600699.3,4642956,542930
27,2014,San Diego Gas & Electric Co,Bundled,IOU,1426673.1,6975252,150700,342271.6,2066759,454,1369693.6,7338332,1256446
28,2014,San Diego Gas & Electric Co,Delivery,IOU,91379.1,1228995,3437,113351.6,2408154,205,595.7,10950,1692
29,2014,City & County of San Francisco,Bundled,POU,89441,857802,2069,701,14449,1,0,0,0
30,2014,City of Santa Clara - (CA),Bundled,POU,14380.6,93603,6218,287053.6,2706549,1735,25431.3,230930,44758
31,2014,Southern California Edison Co,Bundled,IOU,6039598,37903351,580197,964891,7874457,31760,4922948,29972416,4352025
32,2014,Southern California Edison Co,Delivery,IOU,517154,9080048,22993,90847,2454123,439,4502,54727,6033
33,2014,Bear Valley Electric Service,Bundled,IOU,11983.5,37599,1497,3171.9,14852,8,21238.5,73536,22147
34,2014,City of Shasta Lake - (CA),Bundled,POU,3262.7,20154,352,8798.2,131388,2,6167.2,36828,4133
35,2014,Truckee Donner P U D,Bundled,POU,10111,67564,1498,0,0,0,11519,74530,11822
36,2014,Turlock Irrigation District,Bundled,POU,34499,259732,23927,124801,1035312,4351,113545,721094,72711
37,2014,City of Ukiah - (CA),Bundled,POU,7737,64707,1498,186,1256,53,5464,42078,6251
38,2014,City of Vernon,Bundled,POU,59111.3,387704,1296,94196.7,744030,565,17.4,170,28
39,2014,Northern California Power Agny,Energy,POU,0,0,0,0,0,0,0,0,0
40,2014,City of Moreno Valley - (CA),Bundled,POU,6420.7,39764,651,9980.9,72446,28,7311.8,37619,5248
41,2014,City of Victorville - (CA),Bundled,POU,0,0,0,10425.5,75388,52,0,0,0
42,2014,Liberty Utilities,Bundled,IOU,33398,270292,5836,0,0,0,37201,262902,41941
43,2014,Aha Macav Power Service,Bundled,POU,70.8,558,21,182.3,1716,10,100.2,1173,89
44,2014,Hercules Municipal Utility,Bundled,POU,478.5,8592,135,0,0,0,187.8,2918,700
45,2014,Pittsburg Power Company,Bundled,POU,3378,18352,202,0,0,0,297,1712,320
46,2014,City of Cerritos - (CA),Energy,POU,5112.8,67040,309,902.7,12150,8,0,0,0
0,2015,City of Alameda,Bundled,POU,33143.9,221037,4428,0,0,0,19393.7,126691,30745
1,2015,City of Anaheim - (CA),Bundled,POU,121215,783138,14922,127401,1017073,306,92855,613935,108257
2,2015,City of Azusa,Bundled,POU,17053,82022,1816,10779,92557,32,11037,82782,14378
3,2015,City of Banning - (CA),Bundled,POU,11435,55950,1125,2976.2,19340,11,13467.3,67831,10941
4,2015,City of Burbank Water and Power,Bundled,POU,125542,836010,7042,0,0,0,43109,272587,46259
5,2015,City of Colton - (CA),Bundled,POU,14512.6,72810,2753,27008.9,182702,83,15945,100136,16353
6,2015,City of Corona - (CA),Bundled,POU,6661,45487,424,3645.1,27430,8,716.7,4867,679
7,2015,City of Corona - (CA),Energy,POU,2175.9,25568,968,3583.8,43030,7,0,0,0
8,2015,City of Glendale - (CA),Bundled,POU,122888.1,661657,13086,3036.4,16408,18,71693.8,382076,73678
9,2015,City of Healdsburg - (CA),Bundled,POU,5005.5,35193,918,1847.5,13824,126,4258.7,26057,4736
10,2015,Imperial Irrigation District,Bundled,POU,194289,1529623,20656,12264,81416,821,229341,1739037,130257
11,2015,Lassen Municipal Utility District,Bundled,POU,6751.8,47478,2860,1964,13063,145,9913.6,67973,9073
12,2015,City of Lodi - (CA),Bundled,POU,26857.6,161305,3693,15189.9,129820,30,26299.4,149475,22273
13,2015,City of Lompoc - (CA),Bundled,POU,8676.8,45295,1675,5169,34703,84,8429.9,54011,13294
14,2015,Los Angeles Department of Water & Power,Bundled,POU,1976220.5,13248393,88498,236465.8,1669782,9298,1273121.8,8275614,1315413
15,2015,Merced Irrigation District,Bundled,POU,29324.2,229916,1398,15215.8,176694,80,8835,55351,6818
16,2015,Modesto Irrigation District,Bundled,POU,121255,851029,21120,77378,774286,156,153964,857425,96583
17,2015,Pacific Gas & Electric Co,Bundled,IOU,5057946,27109514,526484,2588801,17813330,89671,4969233,27558981,4453034
18,2015,Pacific Gas & Electric Co,Delivery,IOU,435933,5842045,51151,237898,5818622,373,174506,1721183,296452
19,2015,PacifiCorp,Bundled,IOU,36114.2,237539,7360,21062.6,150418,1956,47325.1,350845,35492
20,2015,City of Palo Alto - (CA),Bundled,POU,70804,600258,3823,19752,185237,97,17716,147427,25299
21,2015,City of Pasadena - (CA),Bundled,POU,115001.3,762988,8479,0,0,0,58349.5,325472,54909
22,2015,City of Redding - (CA),Bundled,POU,62582,378761,5942,2309,12804,321,59695,358310,37543
23,2015,City of Riverside - (CA),Bundled,POU,74550,460631,10878,112328,989306,903,117283,729492,96664
24,2015,City of Roseville - (CA),Bundled,POU,63818.7,454173,6652,31763.7,296690,32,67798,432499,50342
25,2015,Sacramento Municipal Util Dist,Bundled,POU,495341,3784785,66832,205438.3,2002053,2585,628511.9,4658310,546155
26,2015,San Diego Gas & Electric Co,Bundled,IOU,1516483.7,6876979,151550,380735.1,2163450,464,1486308.7,7143459,1264642
27,2015,San Diego Gas & Electric Co,Delivery,IOU,100428.6,1180813,3358,128369.3,2460789,206,692.5,10244,1607
28,2015,City & County of San Francisco,Bundled,POU,94176.8,860564,2150,911.7,28067,1,12.1,53,21
29,2015,City of Santa Clara - (CA),Bundled,POU,14935.1,92484,6266,315377.7,2861044,1688,26506.1,229952,45139
30,2015,Southern California Edison Co,Bundled,IOU,5814740,38048580,583092,863578,7273080,31827,4961019,30043784,4375920
31,2015,Southern California Edison Co,Delivery,IOU,532646,9149055,23042,85532,2219548,424,4219,49664,5591
32,2015,Bear Valley Electric Service,Bundled,IOU,10117.4,38246,1495,3706.7,19049,7,21578.4,75498,22248
33,2015,City of Shasta Lake - (CA),Bundled,POU,2961.4,19293,357,9915.7,130931,2,6150,36941,4151
34,2015,Truckee Donner P U D,Bundled,POU,9910,65342,1482,0,0,0,11591,75004,11938
35,2015,Turlock Irrigation District,Bundled,POU,35332,259932,24087,129217,1042026,4515,113618,709300,72777
36,2015,City of Ukiah - (CA),Bundled,POU,8514,70489,1574,183,1210,54,4936,37376,6274
37,2015,City of Vernon,Bundled,POU,62511.2,392616,1303,95793.1,728369,557,31.9,268,56
38,2015,Northern California Power Agny,Energy,POU,0,0,0,0,0,0,0,0,0
39,2015,City of Moreno Valley - (CA),Bundled,POU,20371.9,140197,692,277.8,2059,1,7437.6,37139,5308
40,2015,City of Victorville - (CA),Bundled,POU,0,0,0,11689,86019,56,0,0,0
41,2015,Liberty Utilities,Bundled,IOU,33013,269590,5887,0,0,0,35897,258221,41980
42,2015,Aha Macav Power Service,Bundled,POU,5.8,95,21,189,3339,10,109.4,2456,89
43,2015,Pittsburg Power Company,Bundled,POU,4342,22776,209,0,0,0,372,1870,326
44,2015,City of Cerritos - (CA),Energy,POU,5009.8,68400,295,873.1,12066,8,0,0,0
0,2016,City of Alameda,Bundled,POU,33750.1,217583,4112,0,0,0,20310.8,124253,30721
1,2016,City of Anaheim - (CA),Bundled,POU,132986,770914,15150,144782.7,997008,303,98348,588355,114466
2,2016,City of Azusa,Bundled,POU,14618,81795,1826,9969,86190,32,11281,85715,14882
3,2016,City of Banning - (CA),Bundled,POU,10967.8,53284,1135,2613,17341,11,13420.3,67797,10728
4,2016,City of Burbank Water and Power,Bundled,POU,126502,817387,7005,0,0,0,45020,278511,46148
5,2016,City of Colton - (CA),Bundled,POU,14816.3,75424,2789,26297.4,177689,86,15716,99819,16531
6,2016,City of Corona - (CA),Bundled,POU,6801.2,48674,490,3004.6,24244,8,844.8,5705,982
7,2016,City of Corona - (CA),Energy,POU,2475.4,29209,945,2845.9,36965,7,0,0,0
8,2016,City of Glendale - (CA),Bundled,POU,121250,680381,13150,2370,14364,21,72118.9,370768,74176
9,2016,City of Healdsburg - (CA),Bundled,POU,5880.6,41278,1013,1128.7,8088,50,4298.1,25938,4777
10,2016,Imperial Irrigation District,Bundled,POU,185105,1545516,19965,11957,82716,831,219726,1757287,128635
11,2016,Kings River Conservation Dist,Bundled,POU,1811.7,238381,1,0,0,0,0,0,0
12,2016,Lassen Municipal Utility District,Bundled,POU,7168.1,48382,2867,1930.4,12005,140,11017.3,70238,9045
13,2016,City of Lodi - (CA),Bundled,POU,26092.1,160033,2125,13750.4,117646,27,25840.7,148538,21690
14,2016,City of Lompoc - (CA),Bundled,POU,8466.2,44359,1727,4876.2,32244,47,8500.7,54913,13218
15,2016,Los Angeles Department of Water & Power,Bundled,POU,1882192.6,12849472,87852,213849.1,1584376,9234,1236730,8103167,1322380
16,2016,Merced Irrigation District,Bundled,POU,28941.2,237113,1459,14086.5,180319,91,9346.9,59503,7400
17,2016,Modesto Irrigation District,Bundled,POU,121063,846222,23985,81169,804829,159,154584,852077,97471
18,2016,Pacific Gas & Electric Co.,Bundled,IOU,5040563,25844242,511143,2559853,16352653,90511,5309135,26623866,4402442
19,2016,Pacific Gas & Electric Co,Delivery,IOU,598219,6350012,66166,276724,5810410,359,269531,2036866,357766
20,2016,PacifiCorp,Bundled,IOU,36469.5,239862,7404,20164.4,145365,1950,48745.3,362473,35621
21,2016,City of Palo Alto - (CA),Bundled,POU,73973,607223,3861,18029,160944,87,18599,146581,25520
22,2016,City of Pasadena - (CA),Bundled,POU,114143.6,745109,8484,0,0,0,55469.1,316487,55184
23,2016,City of Redding - (CA),Bundled,POU,61754,369948,5885,2442,13396,338,60525,359527,37721
24,2016,City of Riverside - (CA),Bundled,POU,75501.9,467103,10957,116039.2,994877,872,115930.9,720831,96778
25,2016,City of Roseville - (CA),Bundled,POU,62136.1,446544,6695,31400.5,296356,33,67693.6,436068,51210
26,2016,Sacramento Municipal Util Dist,Bundled,POU,499342.3,3732161,67233,206410.8,1985187,2601,650508.6,4673990,549787
27,2016,San Diego Gas & Electric Co,Bundled,IOU,1317555.7,6714500,152614,355650.4,2193185,461,1385389.6,6684897,1272052
28,2016,San Diego Gas & Electric Co,Delivery,IOU,94202.9,1102233,3292,128233,2404082,208,792.5,9252,1542
29,2016,City & County of San Francisco,Bundled,POU,98107,849993,2568,584.2,17063,1,57.2,288,120
30,2016,City of Santa Clara - (CA),Bundled,POU,17388,111904,6345,342778,3088567,1658,26669,224053,45655
31,2016,Southern California Edison Co,Bundled,IOU,5067220,37886101,587658,628954,6765843,31436,4679488,29534769,4401781
32,2016,Southern California Edison Co,Delivery,IOU,486029,9040928,22757,53367,2114093,412,4629,44457,5151
33,2016,Bear Valley Electric Service,Bundled,IOU,9517.3,36132,1499,3341.4,16206,7,22611.8,75896,22356
34,2016,City of Shasta Lake - (CA),Bundled,POU,3450.1,20369,357,9745.7,136628,2,6958.1,38585,4151
35,2016,Truckee Donner P U D,Bundled,POU,10378,69188,1519,0,0,0,12637,82339,12160
36,2016,Turlock Irrigation District,Bundled,POU,36053,267650,24193,126770,1017672,4640,114519,714966,73034
37,2016,City of Ukiah - (CA),Bundled,POU,8110,67710,1570,185,1234,51,4975,37786,6256
38,2016,City of Vernon,Bundled,POU,63683.1,387220,1305,97808.6,721424,547,45.4,348,74
39,2016,Northern California Power Agny,Energy,POU,0,0,0,0,0,0,0,0,0
40,2016,City of Moreno Valley - (CA),Bundled,POU,18396.6,151442,707,332.9,2853,2,6977.8,38341,5454
41,2016,City of Victorville - (CA),Bundled,POU,0,0,0,11462.1,89041,59,0,0,0
42,2016,Marin Clean Energy,Energy,CCA,46300.9,578998,11512,0,0,0,116053.6,1475646,177670
43,2016,Liberty Utilities,Bundled,IOU,34389.3,278856,5904,0,0,0,37918.2,278571,42279
44,2016,Aha Macav Power Service,Bundled,POU,2.2,26,24,139.6,1994,10,92.2,1112,84
45,2016,Pittsburg Power Company,Bundled,POU,3911.7,18987,253,0,0,0,421.6,1871,330
46,2016,City of Cerritos - (CA),Energy,POU,3578.2,62970,282,652.9,12163,9,0,0,0
47,2016,Sonoma Clean Power Authority,Energy,CCA,56550.7,766322,22919,26109.9,361886,3106,72898.4,1058518,169659
48,2016,Lancaster Choice Energy,Energy,CCA,12070.2,210801,5903,2217.7,44414,18,22264.1,335488,46618
49,2016,CleanPowerSF,Energy,CCA,15310.8,185947,7126,498.7,6920,1,2367,32635,17293
50,2016,Peninsula Clean Energy Authority,Energy,CCA,9711.2,142979,22438,63.5,1030,3,3037.7,45213,33188
51,2016,Port of Stockton - (CA),Bundled,POU,0,0,0,2606,16848,124,0,0,0
52,2016,Port of Oakland,Bundled,POU,10931.9,61343,141,0,0,0,0,0,0
0,2017,City of Alameda,Bundled,POU,35260.6,216790,4307,0,0,0,22851,126480,30811
1,2017,City of Anaheim - (CA),Bundled,POU,137843,766709,15086,137754,976217,304,99455,601952,111347
2,2017,City of Azusa,Bundled,POU,15201,82792,1854,10146,86896,34,11498,86287,14667
3,2017,City of Banning - (CA),Bundled,POU,11518.4,55493,1132,2337.4,15999,12,14902.3,73845,10985
4,2017,City of Burbank Water and Power,Bundled,POU,127833,807331,7057,0,0,0,44978,272378,46215
5,2017,City of Colton - (CA),Bundled,POU,16052,81510,2801,25363,174073,86,16555,102454,16661
6,2017,City of Corona - (CA),Bundled,POU,6792.3,46424,489,3938.2,32496,9,1006.7,6459,986
7,2017,City of Corona - (CA),Energy,POU,2116.3,26890,960,3052.7,41164,7,0,0,0
8,2017,City of Glendale - (CA),Bundled,POU,121309.5,673336,13175,3230,18964,24,75595.6,378660,74783
9,2017,City of Healdsburg - (CA),Bundled,POU,6135,42232,1020,1077,7618,52,4684,27341,4823
10,2017,Imperial Irrigation District,Bundled,POU,193620,1573229,20999,12204,82386,834,230978,1786016,132632
11,2017,Kings River Conservation Dist,Bundled,POU,6870,899458,1,0,0,0,0,0,0
12,2017,Lassen Municipal Utility District,Bundled,POU,7078.8,47516,2856,1489.8,9644,125,11190,71285,9032
13,2017,City of Lodi - (CA),Bundled,POU,26273.9,155748,2124,14201.4,116474,29,27418.7,156857,21940
14,2017,City of Lompoc - (CA),Bundled,POU,8565.7,44724,1725,4990.4,33029,27,8522.4,54820,13165
15,2017,Los Angeles Department of Water & Power,Bundled,POU,1969800.9,12723941,87727,230767,1613737,9168,1368064.1,8214598,1329968
16,2017,Merced Irrigation District,Bundled,POU,29695,236343,1423,16995.4,211839,93,9577.6,59781,7418
17,2017,Modesto Irrigation District,Bundled,POU,119976,855475,24643,80086,794624,156,162406,911922,97935
18,2017,Pacific Gas & Electric Co.,Bundled,IOU,4709015,22974574,457098,2400782,13868490,90987,5292108,24984921,3998187
19,2017,Pacific Gas & Electric Co.,Delivery,IOU,1025931,9416186,122626,387691,6556217,428,655159,4423928,810567
20,2017,PacifiCorp,Bundled,IOU,35860.6,239603,7427,19238.4,142619,1947,52760.4,380130,35704
21,2017,City of Palo Alto - (CA),Bundled,POU,81664,611148,3929,18123,150694,82,21530,150781,25579
22,2017,City of Pasadena - (CA),Bundled,POU,113830.1,722059,8485,0,0,0,60025.6,329295,55763
23,2017,City of Redding - (CA),Bundled,POU,62315.4,370647,5834,2422,13087,333,63714.2,380047,37878
24,2017,City of Riverside - (CA),Bundled,POU,77181,476352,11077,115834,1004209,836,120465,747418,97347
25,2017,City of Roseville - (CA),Bundled,POU,63342.7,455495,6756,30082.2,283909,31,71598,460830,52181
26,2017,Sacramento Municipal Util Dist,Bundled,POU,513360.6,3734763,67509,216631.2,2049605,2586,697712.4,4960865,552678
27,2017,San Diego Gas & Electric Co,Bundled,IOU,1439105.1,6782298,153311,380874.1,2203979,444,1452724.9,6577628,1280264
28,2017,San Diego Gas & Electric Co,Delivery,IOU,97278.5,1088118,3275,128223.7,2297283,208,800.1,8506,1457
29,2017,City & County of San Francisco,Bundled,POU,102266.1,846455,3004,340.5,7911,1,105.4,620,238
30,2017,City of Santa Clara - (CA),Bundled,POU,18369.3,115395,6311,360827.4,3144848,1655,29239.8,238307,46859
31,2017,Southern California Edison Co,Bundled,IOU,5299609,37300368,578777,639492,5827070,30086,4815238,29009414,4362150
32,2017,Southern California Edison Co,Delivery,IOU,565510,9390934,29428,75085,2164864,524,50652,559335,71603
33,2017,Bear Valley Electric Service,Bundled,IOU,9787.6,35658,1504,3191.6,15880,7,20969.5,75681,22470
34,2017,City of Shasta Lake - (CA),Bundled,POU,2342.5,11196,338,10487.1,148733,12,6876.1,39608,4166
35,2017,Truckee Donner P U D,Bundled,POU,10628,69546,1531,0,0,0,13578,87016,12237
36,2017,Turlock Irrigation District,Bundled,POU,37088,275332,24236,126315,1008467,4714,122325,764099,73393
37,2017,City of Ukiah - (CA),Bundled,POU,8743,70656,1516,201,1288,53,5439,39930,6449
38,2017,City of Vernon,Bundled,POU,64681.4,382911,1303,96585.3,695323,534,35.8,302,73
39,2017,Northern California Power Agny,Energy,POU,0,0,0,0,0,0,0,0,0
40,2017,City of Moreno Valley - (CA),Bundled,POU,20754.6,159819,721,422.8,2991,4,8252.5,41199,5576
41,2017,City of Victorville - (CA),Bundled,POU,0,0,0,11935,93402,65,0,0,0
42,2017,Marin Clean Energy,Energy,CCA,85828,1065944,19896,0,0,0,120367,1755077,231733
43,2017,Liberty Utilities,Bundled,IOU,38256.3,278336,5872,0,0,0,39895.6,289336,42323
44,2017,Aha Macav Power Service,Bundled,POU,1.8,21,4,153.2,2216,27,97,1186,89
45,2017,Pittsburg Power Company,Bundled,POU,4281,19853,226,0,0,0,443,1960,348
46,2017,City of Cerritos - (CA),Energy,POU,3900.6,61117,280,702.2,11895,8,0,0,0
47,2017,Sonoma Clean Power Authority,Energy,CCA,77193.3,1016672,26407,13673.8,198800,2779,77358.1,1165090,183547
48,2017,Lancaster Choice Energy,Energy,CCA,12553,201898,5683,2584,48223,57,22488,351397,45966
49,2017,CleanPowerSF,Energy,CCA,22052.1,291308,7105,1285.8,16728,2,16368.4,230750,69796
50,2017,Peninsula Clean Energy Authority,Energy,CCA,117837,1545225,29049,16011,221564,174,61291,960688,192797
51,2017,Port of Stockton - (CA),Bundled,POU,2516,16062,95,0,0,0,0,0,0
52,2017,Port of Oakland,Bundled,POU,13067.9,55836,136,0,0,0,0,0,0
53,2017,Apple Valley Choice Energy,Energy,CCA,3349.9,48811,2389,345,6755,80,8256,128571,23084
54,2017,Silicon Valley Clean Energy Authority,Energy,CCA,72321,839377,24351,24104,343111,567,38197,566049,148076
55,2017,Redwood Coast Energy Authority,Energy,CCA,11103.2,145790,4196,3904.7,54126,838,13705.7,209196,46822
56,2017,Pico Rivera Innovative Municipal Energy,Energy,CCA,786,725,122,268,431,8,7322,13393,14179
0,2018,City of Alameda,Bundled,POU,34405.1,202160,4193,0,0,0,24016.8,124492,31136
1,2018,City of Anaheim - (CA),Bundled,POU,138140,797648,17355,135631,916133,306,97586,592732,101740
2,2018,City of Azusa,Bundled,POU,11231,81510,1893,9501,85020,31,10934,86362,14771
3,2018,City of Banning - (CA),Bundled,POU,10857.2,53574,1147,2590.6,17850,12,13737.7,69917,10977
4,2018,City of Burbank Water and Power,Bundled,POU,128529.7,803710,6970,0,0,0,45386.7,273883,46140
5,2018,City of Colton - (CA),Bundled,POU,16745,85769,2817,24680,169051,86,16280,102351,16735
6,2018,City of Corona - (CA),Bundled,POU,6624.4,45363,530,3935.9,34789,9,1052.1,6832,1275
7,2018,City of Corona - (CA),Energy,POU,1917.7,24503,953,2825.9,38319,6,0,0,0
8,2018,City of Glendale - (CA),Bundled,POU,119540.1,654322,13237,2847.6,17309,23,73851.6,372461,75589
9,2018,City of Healdsburg - (CA),Bundled,POU,6135,41129,1032,920,6235,49,4599,26187,4926
10,2018,Imperial Irrigation District,Bundled,POU,187480,1562058,21036,12173,84430,812,219510,1806005,133668
11,2018,Kings River Conservation Dist,Bundled,POU,2605.6,340082,1,0,0,0,0,0,0
12,2018,Lassen Municipal Utility District,Bundled,POU,6846.1,46373,2245,1463.1,10225,136,11121.9,70697,9637
13,2018,City of Lodi - (CA),Bundled,POU,27009.7,154593,2143,14650.3,109724,25,28051.9,149031,22282
14,2018,City of Lompoc - (CA),Bundled,POU,9291,48395,1728,4424,29578,27,8300,53891,13217
15,2018,Los Angeles Department of Water & Power,Bundled,POU,2107737.1,12545553,88150,214219.4,1315972,9181,1479118.2,8079920,1338239
16,2018,Merced Irrigation District,Bundled,POU,30421.1,234962,1463,19855.2,220088,95,9420.3,57535,7749
17,2018,Modesto Irrigation District,Bundled,POU,117876.4,828318,29232,75447.5,759636,150,155320.4,897849,98544
18,2018,Pacific Gas & Electric Co.,Bundled,IOU,3398703,16041886,346966,2363903,13316762,91117,4413075,19864266,3408988
19,2018,Pacific Gas & Electric Co.,Delivery,IOU,1721696,14814946,234402,518108,8116923,566,1185999,7620921,1389746
20,2018,PacifiCorp,Bundled,IOU,34920.4,233961,7459,19661.1,145404,1935,48878.4,369909,35776
21,2018,City of Palo Alto - (CA),Bundled,POU,87118,601933,3911,18388,139108,76,22515,146992,25461
22,2018,City of Pasadena - (CA),Bundled,POU,118534.6,703899,8481,0,0,0,61750.1,319771,56092
23,2018,City of Redding - (CA),Bundled,POU,57764.1,356207,5853,2253.7,12501,328,59241.4,353826,37786
24,2018,City of Riverside - (CA),Bundled,POU,75076,462635,11179,114094,983381,851,114757,719437,97588
25,2018,City of Roseville - (CA),Bundled,POU,61747.9,441692,6811,29136.7,275129,30,68748.1,438413,53374
26,2018,Sacramento Municipal Util Dist,Bundled,POU,499301.7,3640576,67909,214474.8,2041835,2583,652826.6,4518636,557352
27,2018,San Diego Gas & Electric Co,Bundled,IOU,1524807.3,6562061,153138,402970.6,2182924,435,1603852.9,6336436,1290690
28,2018,San Diego Gas & Electric Co,Delivery,IOU,117882.1,1164575,4263,141206.5,2439237,212,3767.7,23887,4437
29,2018,City & County of San Francisco,Bundled,POU,113599,880043,2835,321.7,7280,1,312.7,1866,570
30,2018,City of Santa Clara - (CA),Bundled,POU,17612,110472,6382,371304,3263238,1684,27977,226011,47167
31,2018,Southern California Edison Co,Bundled,IOU,5422650,36921941,568718,695302,6239719,29850,4943513,30325065,4357724
32,2018,Southern California Edison Co,Delivery,IOU,629192,10205914,48476,80387,2277035,1273,78256,881912,105797
33,2018,Bear Valley Electric Service,Bundled,IOU,9535,35115,1503,3679,16547,7,20518,75619,22791
34,2018,City of Shasta Lake - (CA),Bundled,POU,1937,10755,330,12426,147941,13,6857,37692,4194
35,2018,Truckee Donner P U D,Bundled,POU,10788,69626,1555,0,0,0,13261,82317,12332
36,2018,Turlock Irrigation District,Bundled,POU,71120,546061,24362,94618,761487,4858,117430,732041,73730
37,2018,City of Ukiah - (CA),Bundled,POU,8365,66938,1537,193,1220,53,5204,37829,6511
38,2018,City of Vernon,Bundled,POU,66284.6,389969,1314,96668.3,691182,528,36.9,306,72
39,2018,Northern California Power Agny,Energy,POU,0,0,0,0,0,0,0,0,0
40,2018,City of Moreno Valley - (CA),Bundled,POU,19741,145312,744,1071.9,5703,5,8900.7,42280,5897
41,2018,City of Victorville - (CA),Bundled,POU,0,0,0,12141.4,96485,68,0,0,0
42,2018,Marin Clean Energy,Energy,CCA,175936,2309153,45718,0,0,0,136058.7,2019672,371179
43,2018,Liberty Utilities,Bundled,IOU,39054.6,317693,5695,0,0,0,39103.7,277131,42882
44,2018,Aha Macav Power Service,Bundled,POU,58,459,18,205,1911,19,76.7,1114,80
45,2018,Pittsburg Power Company,Bundled,POU,4367,19885,220,0,0,0,484,2069,370
46,2018,City of Cerritos - (CA),Energy,POU,3727.4,54896,284,746,11912,8,0,0,0
47,2018,Sonoma Clean Power Authority,Energy,CCA,80381.6,1053966,29462,13907.2,196699,2949,76327.4,1159176,191168
48,2018,Lancaster Choice Energy,Energy,CCA,12170,193338,5503,2915,51577,97,21167,338290,43591
49,2018,CleanPowerSF,Energy,CCA,79355,955733,19546,3631,46088,5,16744,240358,75304
50,2018,Peninsula Clean Energy Authority,Energy,CCA,140091,1830356,27324,22591,327034,270,89700,1361943,260881
51,2018,Port of Stockton - (CA),Bundled,POU,2649,16512,127,0,0,0,0,0,0
52,2018,Port of Oakland,Bundled,POU,5138,26614,116,9542,49428,20,0,0,0
53,2018,Apple Valley Choice Energy,Energy,CCA,4198,66426,2366,634,13391,79,11070,177952,22791
54,2018,Silicon Valley Clean Energy Authority,Energy,CCA,132879,1715287,24687,42420,659236,876,83418,1268266,224385
55,2018,Redwood Coast Energy Authority,Energy,CCA,17100,225640,4269,6147.7,87701,854,22051.4,328834,47210
56,2018,Pico Rivera Innovative Municipal Energy,Energy,CCA,4629,60817,1033,957,14984,18,5735,90690,14663
57,2018,Pioneer Community Energy,Energy,CCA,25475,324890,9466,7252,105655,396,33151,503189,61159
58,2018,Monterey Bay Community Power,Energy,CCA,71200,815573,27312,59393,766354,3696,30523,422921,169551
59,2018,San Jacinto Power,Energy,CCA,1917,26926,1240,956,16197,64,4687,74683,10597
60,2018,Valley Clean Energy Alliance,Energy,CCA,12652,142595,5802,7624,95785,1851,11402,161041,47420
61,2018,Rancho Mirage Energy Authority,Energy,CCA,3695,50331,1708,2393,39131,73,6561,106981,10608
62,2018,East Bay Community Energy,Energy,CCA,119985,1385810,48715,51294.9,588140,5400,21903.3,313339,135759
63,2018,City of Solana Beach,Energy,CCA,1900,17732,1023,0,0,0,1873,14650,5359
64,2018,Clean Power Alliance of Southern Califor,Energy,CCA,36826.6,522454,7377,15462.6,254454,217,1.3,22,4
65,2018,King City Community Power,Energy,CCA,740,8999,582,237,2339,45,342,4571,2728
66,2018,San Jose Clean Energy,Energy,CCA,1467,17422,1232,1049.8,13670,5,1.9,26,6
67,2018,City of Industry,Bundled,POU,4468.6,38954,84,0,0,0,13.5,141,16
0,2019,City of Alameda,Bundled,POU,37656.4,217170,4006,0,0,0,24923.5,125585,29625
1,2019,City of Anaheim - (CA),Bundled,POU,131998,740875,17415,131553,911473,297,99321,584770,102567
2,2019,City of Azusa,Bundled,POU,14673,82944,1926,9218,78119,26,11646,87350,14106
3,2019,City of Banning - (CA),Bundled,POU,10300.1,50973,1173,2201.4,14601,12,12598,66456,10864
4,2019,City of Biggs - (CA),Bundled,POU,121.2,943,20,1405.7,9475,1,890,5052,720
5,2019,City of Burbank Water and Power,Bundled,POU,119163.2,786683,7004,0,0,0,43286.6,273866,46294
6,2019,City of Colton - (CA),Bundled,POU,15363,78952,2870,23369,161131,99,15356,98135,17054
7,2019,City of Corona - (CA),Bundled,POU,6220,42935,538,3760,33383,9,1070,7191,1276
8,2019,City of Corona - (CA),Energy,POU,1774.7,22335,949,2756,37444,6,0,0,0
9,2019,City of Glendale - (CA),Bundled,POU,110464,620156,13285,2943.4,18075,23,71762.6,357805,76256
10,2019,City of Gridley - (CA),Bundled,POU,3001,15270,480,26,116,8,3169,14809,2451
11,2019,City of Healdsburg - (CA),Bundled,POU,6310.8,41468,1029,988.4,6582,48,4981.1,27082,4922
12,2019,Imperial Irrigation District,Bundled,POU,180646,1519816,21104,12167,80830,830,210139,1705575,134781
13,2019,Kings River Conservation Dist,Bundled,POU,5430.6,714557,1,0,0,0,0,0,0
14,2019,Lassen Municipal Utility District,Bundled,POU,6986,44962,2233,1503,9173,132,11907,71082,9650
15,2019,City of Lodi - (CA),Bundled,POU,26666,156722,2145,14016.4,103660,24,28634.5,152737,22518
16,2019,City of Lompoc - (CA),Bundled,POU,9013.3,47229,1736,4514.3,29480,26,8249,53577,13378
17,2019,Los Angeles Department of Water & Power,Bundled,POU,2238405.5,12354003,88926,212400.5,1202350,9234,1569555.1,7851621,1349209
18,2019,Merced Irrigation District,Bundled,POU,31000.1,234312,1490,17353.9,217004,99,10253.3,61573,8825
19,2019,Modesto Irrigation District,Bundled,POU,118115.5,824359,29323,75869.8,741475,130,159952.6,920561,100189
20,2019,City of Needles - (CA),Bundled,POU,1361,12452,565,0,0,0,5444,49808,2285
21,2019,Pacific Gas & Electric Co.,Bundled,IOU,2547380,11116444,266132,2113471,10916065,91295,3224897,14429648,2277864
22,2019,Pacific Gas & Electric Co.,Delivery,IOU,2399280,19637939,320506,604189,8887759,661,1903456,13083788,2567618
23,2019,PacifiCorp,Bundled,IOU,35880.6,239518,7514,18758.6,137906,1942,46796.2,363507,36027
24,2019,City of Palo Alto - (CA),Bundled,POU,94962,602616,3910,18445,131347,69,24602,154163,25811
25,2019,City of Pasadena - (CA),Bundled,POU,121385.5,671318,8488,0,0,0,62467.7,310768,56393
26,2019,City of Redding - (CA),Bundled,POU,56843,349352,5826,2285,12601,326,59561,357533,37727
27,2019,City of Riverside - (CA),Bundled,POU,74322,444984,11265,115116,966936,890,112860,693741,98284
28,2019,City of Roseville - (CA),Bundled,POU,60671.7,432252,6935,26361.2,256351,31,69828.6,445032,54691
29,2019,Sacramento Municipal Util Dist,Bundled,POU,503138.7,3620283,68520,213184.6,2017061,2584,670717.3,4497028,562578
30,2019,San Diego Gas & Electric Co,Bundled,IOU,1481489.1,6310142,152737,394125,2052235,421,1542152.5,5981976,1298976
31,2019,San Diego Gas & Electric Co,Delivery,IOU,132210.1,1137125,4878,161416.9,2374013,214,7550.4,37534,7342
32,2019,City & County of San Francisco,Bundled,POU,122407.1,879533,326,284.6,6132,1,2042.1,10783,1064
33,2019,City of Santa Clara - (CA),Bundled,POU,18065.8,109833,6379,370241.2,3225664,1649,29736.7,235435,48874
34,2019,Southern California Edison Co,Bundled,IOU,4628973,32129979,500641,586160,5416957,26299,4005617,24712671,3593459
35,2019,Southern California Edison Co,Delivery,IOU,934687,13681536,119111,100748,2458655,3779,535514,5211859,896003
36,2019,Bear Valley Electric Service,Bundled,IOU,9488.1,34983,1498,3215.3,17729,7,20718.5,78465,22853
37,2019,City of Shasta Lake - (CA),Bundled,POU,1675.5,10015,280,13649.6,145304,15,6310.8,38698,4252
38,2019,Trinity Public Utilities Dist,Bundled,POU,3252.3,33307,1260,631.4,10410,1,5997.8,63949,5995
39,2019,Tuolumne County Pub Power Agny,Bundled,POU,2107.4,25496,33,0,0,0,0,0,0
40,2019,Truckee Donner P U D,Bundled,POU,11292.7,71359,1528,0,0,0,14137.8,85356,12551
41,2019,Turlock Irrigation District,Bundled,POU,70701,540877,20481,93624,752890,4918,120728,752052,77865
42,2019,City of Ukiah - (CA),Bundled,POU,10401,73155,1352,241,1471,57,5482,36538,6541
43,2019,City of Vernon,Bundled,POU,66376.7,388240,1322,94948.7,680687,524,34.9,297,72
44,2019,Northern California Power Agny,Energy,POU,0,0,0,0,0,0,0,0,0
45,2019,City of Moreno Valley - (CA),Bundled,POU,18889.4,136925,800,2195.6,15559,8,8602.4,40528,6049
46,2019,City of Victorville - (CA),Bundled,POU,0,0,0,11873,92821,72,0,0,0
47,2019,Rancho Cucamonga Municipal Utility,Bundled,POU,9981,71405,735,660,3575,1,402,2520,643
48,2019,Marin Clean Energy,Energy,CCA,209513,2676118,50988,0,0,0,184815,2444322,422838
49,2019,Liberty Utilities,Bundled,IOU,38511.2,277829,5738,0,0,0,38476.5,286633,43032
50,2019,Aha Macav Power Service,Bundled,POU,60.7,445,15,184.3,1585,24,96.4,1059,81
51,2019,Pittsburg Power Company,Bundled,POU,4267,18863,240,0,0,0,497,2150,380
52,2019,City of Cerritos - (CA),Energy,POU,4038.3,53791,285,819.3,11996,8,0,0,0
53,2019,Sonoma Clean Power Authority,Energy,CCA,84355.7,1048485,30333,12536.9,170129,2985,82869.5,1141807,192655
54,2019,Lancaster Choice Energy,Energy,CCA,12496,179820,5469,3426,57681,96,22882,306007,43295
55,2019,CleanPowerSF,Energy,CCA,135837.6,1667981,32098,11024.2,136343,14,70881.3,901547,279665
56,2019,Peninsula Clean Energy Authority,Energy,CCA,149446.2,1841999,27103,23747.4,321594,272,101453.5,1363255,260612
57,2019,Port of Stockton - (CA),Bundled,POU,0,0,0,2411,15130,108,0,0,0
58,2019,Port of Oakland,Bundled,POU,4761,29434,116,8842,54664,20,0,0,0
59,2019,Apple Valley Choice Energy,Energy,CCA,4210,61680,2331,599,11677,74,11668,160445,22142
60,2019,Silicon Valley Clean Energy Authority,Energy,CCA,148348,1829664,26276,49402,735753,877,98699,1348075,237062
61,2019,Redwood Coast Energy Authority,Energy,CCA,18266,225947,4281,7092.9,93424,862,24287.2,313632,47140
62,2019,Pico Rivera Innovative Municipal Energy,Energy,CCA,6761,99568,1766,1800,29641,30,6473,86845,14901
63,2019,Pioneer Community Energy,Energy,CCA,27337,369569,10515,6843,105599,462,39470,591910,76727
64,2019,Monterey Bay Community Power,Energy,CCA,95155,1117545,32550,71426,924000,4563,93337,1149941,228810
65,2019,San Jacinto Power,Energy,CCA,2539,37795,1398,1356,26082,62,6883,92784,11790
66,2019,Valley Clean Energy Alliance,Energy,CCA,21807.1,245884,5735,10937.4,131851,1771,21849.5,264917,46005
67,2019,Rancho Mirage Energy Authority,Energy,CCA,4958,72648,1919,3475,65093,76,10284,137515,11776
68,2019,East Bay Community Energy,Energy,CCA,210406,2552401,49420,83124,1021560,5320,175782,2240219,491967
69,2019,City of Solana Beach,Energy,CCA,2353,30646,1205,0,0,0,2016,29723,6259
70,2019,Clean Power Alliance of Southern Califor,Energy,CCA,236541.9,3128627,41680,95330.4,1468017,978,283523.7,4073864,555862
71,2019,King City Community Power,Energy,CCA,1624,20369,569,373,3996,43,846,10711,2718
72,2019,San Jose Clean Energy,Energy,CCA,140918.7,1493831,16714,33055,390631,57,112651.2,1308858,226665
73,2019,City of Industry,Bundled,POU,4487.1,39169,93,0,0,0,13.9,145,16
74,2019,Lathrop Irrigation District,Bundled,POU,532,3600,299,0,0,0,1620,8400,1301
0,2020,Alameda Municipal Power,Bundled,POU,35262.4,200965,4244,0,0,0,27678.8,138618,32052
1,2020,City of Anaheim - (CA),Bundled,POU,125383,686272,17446,130767,845556,290,95299,554067,103366
2,2020,City of Azusa,Bundled,POU,14468,80786,2059,8674,73947,25,12332,87879,14904
3,2020,City of Burbank Water and Power,Bundled,POU,114121,744681,6932,0,0,0,43495.1,274690,46098
4,2020,City of Colton - (CA),Bundled,POU,13904,70637,2612,23199,158696,101,18841,114844,17129
5,2020,City of Corona - (CA),Bundled,POU,6224.7,42155,537,3168.2,28804,9,1311.2,8348,1287
6,2020,City of Corona - (CA),Energy,POU,1757.5,22049,947,2632.5,34183,6,0,0,0
7,2020,City of Glendale - (CA),Bundled,POU,104425.4,560913,13307,2894.6,17486,23,85227.3,404362,76700
8,2020,Imperial Irrigation District,Bundled,POU,179409,1473559,21235,12343,85646,826,242359,1933189,135828
9,2020,Kings River Conservation Dist,Bundled,POU,1834,240148,1,0,0,0,0,0,0
10,2020,City of Lodi - (CA),Bundled,POU,27051.6,154134,2154,14548.9,106174,23,32901.5,169283,22831
11,2020,Los Angeles Department of Water & Power,Bundled,POU,2088712.8,11108236,88956,205220.3,1150178,9271,1771318.1,8584348,1354678
12,2020,Merced Irrigation District,Bundled,POU,31032.9,228273,1498,21461.3,211413,99,13306.1,76177,9217
13,2020,Modesto Irrigation District,Bundled,POU,114891.9,805528,29446,78553.6,790461,131,178537,992119,100334
14,2020,Pacific Gas & Electric Co.,Bundled,IOU,2348449,9286320,249054,2480918,12052437,91487,3522035,14895194,2122790
15,2020,Pacific Gas & Electric Co.,Delivery,IOU,2565364,18639103,338540,672128,8704849,702,2350958,14918892,2787976
16,2020,PacifiCorp,Bundled,IOU,31398.7,230523,7509,19243.8,160524,1943,41131.9,367776,36227
17,2020,City of Palo Alto - (CA),Bundled,POU,87534,544265,3811,17074,119342,64,26489,161862,25083
18,2020,City of Pasadena - (CA),Bundled,POU,116945.2,622206,8456,0,0,0,72847.4,347504,56492
19,2020,City of Redding - (CA),Bundled,POU,54231,341907,5877,2096,11599,328,64588,383013,38100
20,2020,City of Riverside - (CA),Bundled,POU,72895,422771,11335,115287,929201,908,134402,792707,98914
21,2020,City of Roseville - (CA),Bundled,POU,56900.5,404507,7009,25918.8,248703,31,77130.5,496889,56467
22,2020,Sacramento Municipal Util Dist,Bundled,POU,502977.4,3451268,68955,217760.1,2025835,2581,750174.9,4909892,567232
23,2020,San Diego Gas & Electric Co,Bundled,IOU,1408326.2,5903249,153144,358553.4,1841889,392,1685162.5,6606155,1311290
24,2020,San Diego Gas & Electric Co,Delivery,IOU,137353.1,1121720,4900,154210.7,2321720,203,8006.8,38344,7232
25,2020,City & County of San Francisco,Bundled,POU,112971,774252,342,554.3,5680,1,1354.6,6389,1195
26,2020,City of Santa Clara - (CA),Bundled,POU,17047.5,102987,6901,383050.1,3372379,1821,32571.5,264731,49672
27,2020,Southern California Edison Co,Bundled,IOU,4436658,29507958,463981,589544,4753779,25104,4478159,24584033,3432735
28,2020,Southern California Edison Co,Delivery,IOU,1156024,14732986,157792,105190,2244312,4613,905586,7684555,1083553
29,2020,Bear Valley Electric Service,Bundled,IOU,8974.7,33470,1500,3028.4,17726,7,24750.2,85103,22967
30,2020,Turlock Irrigation District,Bundled,POU,68880,529368,20487,100037,807446,5258,132057,826694,78235
31,2020,City of Vernon,Bundled,POU,70235,400187,1323,99529,720301,502,37.4,352,74
32,2020,Northern California Power Agny,Energy,POU,0,0,0,0,0,0,0,0,0
33,2020,City of Moreno Valley - (CA),Bundled,POU,19958.7,140389,814,2163.8,14402,8,11051.2,49213,6151
34,2020,Marin Clean Energy,Energy,CCA,206534.2,2559920,52171,0,0,0,232955.5,2698838,429076
35,2020,Liberty Utilities,Bundled,IOU,37792.5,258456,6197,0,0,0,41431.9,295902,44013
36,2020,City of Cerritos - (CA),Energy,POU,3946,47426,290,919.4,12011,7,0,0,0
37,2020,Sonoma Clean Power Authority,Energy,CCA,77451.4,912062,27929,13302,169236,3016,111098,1261799,196625
38,2020,Lancaster Choice Energy,Energy,CCA,12789,182861,5634,3280,56296,109,26972,357608,45285
39,2020,CleanPowerSF,Energy,CCA,111273.9,1413466,31750,17165,220926,33,106208.5,1289325,348509
40,2020,Peninsula Clean Energy Authority,Energy,CCA,127508.2,1656645,28265,22964.6,331890,288,116403.7,1467752,266938
41,2020,Apple Valley Choice Energy,Energy,CCA,4104,58474,2404,1128,18387,75,13704,185293,22928
42,2020,Silicon Valley Clean Energy Authority,Energy,CCA,127861,1626192,26553,47734,727288,882,118912,1484079,243426
43,2020,Redwood Coast Energy Authority,Energy,CCA,16564.4,214100,4102,7489.4,102285,862,26509.8,325048,46737
44,2020,Pico Rivera Innovative Municipal Energy,Energy,CCA,6579,94738,1817,1865,32403,31,7473,99304,15311
45,2020,Pioneer Community Energy,Energy,CCA,26960,363602,10944,6359,101017,489,51846,670599,80886
46,2020,Central Coast Community Energy,Energy,CCA,86486,1175856,37779,57314,878340,4664,90635,1204488,243731
47,2020,San Jacinto Power,Energy,CCA,2558,37789,1410,970,20490,63,8389,112637,11527
48,2020,Valley Clean Energy Alliance,Energy,CCA,18886.2,228285,5833,11687.2,158169,1852,22945.9,274504,49221
49,2020,Rancho Mirage Energy Authority,Energy,CCA,4490,65395,1996,3146,61103,84,11508,157722,12744
50,2020,East Bay Community Energy,Energy,CCA,188538.3,2408600,48994,77688.8,995401,5681,204871.5,2473446,503981
51,2020,City of Solana Beach,Energy,CCA,1800,25906,1220,0,0,0,2042,30882,6255
52,2020,Clean Power Alliance of Southern Califor,Energy,CCA,284510.1,4028620,62836,104631.2,1627468,1397,405415.6,5532622,690355
53,2020,King City Community Power,Energy,CCA,1468,18915,552,429,4869,42,942,11367,2728
54,2020,San Jose Clean Energy,Energy,CCA,152158,1788148,27696,30454.4,408799,54,158804.9,1790192,316058
55,2020,Western Community Energy,Energy,CCA,23081,324493,8770,8485,140092,31,42100,603568,79186
56,2020,BPROUD,Energy,CCA,10,289,65,0,0,0,996,15507,10342
57,2020,Pomona Choice Energy (PCE),Energy,CCA,59,1544,438,61,1657,40,2199,33229,23752
58,2020,Desert Community Energy,Energy,CCA,8432.4,95643,3474,2150.9,32956,237,14650,192689,26176
0,2021,Alameda Municipal Power,Bundled,POU,34247.1,195602,4135,0,0,0,26519.1,131126,32044
1,2021,City of Anaheim - (CA),Bundled,POU,116632,674232,17466,112698,815087,271,99110,584098,103666
2,2021,City of Azusa,Bundled,POU,14086,78315,1983,7653,65385,29,13499,97767,14888
3,2021,City of Burbank Water and Power,Bundled,POU,103674.4,678434,6945,0,0,0,45553,286558,46152
4,2021,City of Colton - (CA),Bundled,POU,15042.5,78503,2914,22874.9,162610,102,16499.1,110211,17248
5,2021,City of Corona - (CA),Bundled,POU,6506,44470,553,3181.9,28457,9,1245.2,8163,1287
6,2021,City of Corona - (CA),Energy,POU,1838.2,22908,938,2831.6,37208,5,0,0,0
7,2021,City of Glendale - (CA),Bundled,POU,106707.3,569945,13296,3371.1,20251,26,83177.9,382841,76757
8,2021,Imperial Irrigation District,Bundled,POU,215255,1508142,21469,13478,81476,812,274852,1906372,137541
9,2021,Kings River Conservation Dist,Bundled,POU,398.9,52032,1,0,0,0,0,0,0
10,2021,City of Lodi - (CA),Bundled,POU,28303.3,162165,2166,15467.4,117834,23,32070.8,165998,23081
11,2021,Los Angeles Department of Water & Power,Bundled,POU,2187485.7,11408672,88948,198806.4,1094426,9317,1734455.8,8184654,1367014
12,2021,Merced Irrigation District,Bundled,POU,32861.3,233242,1536,21779.4,207097,100,14907.5,81189,10104
13,2021,Modesto Irrigation District,Bundled,POU,120099.3,828611,29615,82320.9,817531,136,179506,994657,101784
14,2021,Pacific Gas & Electric Co.,Bundled,IOU,2076987,8264215,221050,2418848,12041098,89256,3522560,13619313,1958976
15,2021,Pacific Gas & Electric Co.,Delivery,IOU,3149937,20334703,364303,788412,9288383,728,2916988,15040138,2988987
16,2021,PacifiCorp,Bundled,IOU,33356.3,239966,7526,19051.6,167906,1941,50657.4,390203,36300
17,2021,City of Palo Alto - (CA),Bundled,POU,85013,528824,4079,16642,115869,64,25220,155352,25882
18,2021,City of Pasadena - (CA),Bundled,POU,112886.1,596640,8460,0,0,0,68928.1,327820,56912
19,2021,City of Redding - (CA),Bundled,POU,57334,354844,6086,2206,11872,346,63367,390594,38172
20,2021,City of Riverside - (CA),Bundled,POU,76972,442649,11632,117450,912940,830,130918,758661,99280
21,2021,City of Roseville - (CA),Bundled,POU,58950.9,411397,7059,26720,245988,33,77581.5,490170,58245
22,2021,Sacramento Municipal Util Dist,Bundled,POU,543292.1,3567590,69712,234435.4,2107647,2572,770375.3,4752214,571078
23,2021,San Diego Gas & Electric Co,Bundled,IOU,1005238.5,3908065,104117,317200.8,1665851,4327,1733861.1,5657323,1285917
24,2021,San Diego Gas & Electric Co,Delivery,IOU,520992.2,3224771,49671,198433.4,2543198,402,36828.3,148294,33869
25,2021,City & County of San Francisco,Bundled,POU,81666.2,757616,351,1231.1,10739,1,2259,14988,1075
26,2021,City of Santa Clara - (CA),Bundled,POU,18721,111410,6855,434895,3760791,1709,34165,260759,48756
27,2021,Southern California Edison Co,Bundled,IOU,5264394,29967718,483936,624128,4253497,23622,4880097,22875129,3373642
28,2021,Southern California Edison Co,Delivery,IOU,1516030,14886443,177686,127186,1893078,4325,1068333,6938412,1129644
29,2021,Bear Valley Electric Service,Bundled,IOU,9368.1,33155,1498,2481.6,13343,7,26509.5,87207,23091
30,2021,Turlock Irrigation District,Bundled,POU,70474,532767,10541,106350,865269,6318,131443,827277,77980
31,2021,City of Vernon,Bundled,POU,76083.4,414441,1347,105565.6,750799,504,37.4,323,74
32,2021,Northern California Power Agny,Energy,POU,0,0,0,0,0,0,0,0,0
33,2021,City of Moreno Valley - (CA),Bundled,POU,26355.5,150254,857,2652.1,14857,8,12887.7,48922,6539
34,2021,Marin Clean Energy,Energy,CCA,210787.8,2602033,56715,0,0,0,234879,2714332,472608
35,2021,Liberty Utilities,Bundled,IOU,35815.4,265998,5993,0,0,0,44868.8,294677,43546
36,2021,City of Cerritos - (CA),Energy,POU,3808.6,48123,280,1182.5,16285,10,0,0,0
37,2021,Sonoma Clean Power Authority,Energy,CCA,71811.8,967100,29507,10743.3,166121,3018,91518.5,1138121,196306
38,2021,Lancaster Choice Energy,Energy,CCA,13466,188733,5602,3544,59387,107,27947,371462,44892
39,2021,CleanPowerSF,Energy,CCA,95062.1,1403367,31430,15193.4,231684,32,91608.7,1267435,352414
40,2021,Peninsula Clean Energy Authority,Energy,CCA,97016.1,1654897,27977,14970.7,281569,285,85090.3,1397994,268016
41,2021,Apple Valley Choice Energy,Energy,CCA,4281,61319,2421,867,16509,74,13374,185514,22945
42,2021,Silicon Valley Clean Energy Authority,Energy,CCA,101788,1618018,26194,38179,744077,868,90474,1375594,245998
43,2021,Redwood Coast Energy Authority,Energy,CCA,13133.6,216630,4230,5911.9,108505,898,21297.5,326006,47739
44,2021,Pico Rivera Innovative Municipal Energy,Energy,CCA,6681,97801,1809,1827,33008,25,6760,91324,15110
45,2021,Pioneer Community Energy,Energy,CCA,26764,362064,10776,7108,111736,462,49946,640821,81495
46,2021,Central Coast Community Energy,Energy,CCA,112946,1641810,50262,84520,1349784,6254,112811,1565296,330485
47,2021,San Jacinto Power,Energy,CCA,3084,42867,1469,1099,20979,62,8216,105794,12546
48,2021,Valley Clean Energy Alliance,Energy,CCA,19907.2,288737,5964,10819.4,188586,1869,22250.1,307558,51306
49,2021,Rancho Mirage Energy Authority,Energy,CCA,4438,69718,1910,3052,64757,78,9878,146950,12297
50,2021,East Bay Community Energy,Energy,CCA,164166.3,2538607,53477,61669.6,988631,6025,175253.5,2556087,556401
51,2021,City of Solana Beach,Energy,CCA,457,9536,1197,0,0,0,602,13064,6306
52,2021,Clean Power Alliance of Southern Califor,Energy,CCA,308820.3,4011726,63686,105297.7,1538984,1354,413863.4,5286249,708688
53,2021,King City Community Power,Energy,CCA,1172,17279,552,340,4828,41,795,11043,2774
54,2021,San Jose Clean Energy,Energy,CCA,130006.8,1788744,30268,19086,308441,42,130459.3,1693606,349799
55,2021,Western Community Energy,Energy,CCA,11923,213557,10409,4838,99475,32,22445,284807,97095
56,2021,BPROUD,Energy,CCA,3041,37286,1143,0,0,0,7238,104833,15521
57,2021,Pomona Choice Energy (PCE),Energy,CCA,8395,100080,2796,596,12165,32,16393,224310,35297
58,2021,Desert Community Energy,Energy,CCA,15000.4,148640,4140,1916,26030,303,22590.2,243788,28941
59,2021,San Diego Community Power,Energy,CCA,196607,1871984,45271,3804,44250,194,12,130,11
60,2021,Clean Energy Alliance,Energy,CCA,27053,259883,7360,314,4377,52,14303,134979,44456
61,2021,Santa Barbara Clean Energy,Energy,CCA,0,0,0,0,0,0,1745,22402,20400
0,2022,Alameda Municipal Power,Bundled,POU,36122.1,200602,4231,0,0,0,27618.3,133445,32146
1,2022,City of Anaheim - (CA),Bundled,POU,124625,727427,17557,122338,876269,273,100861,618231,104561
2,2022,City of Azusa,Bundled,POU,13497,80633,1953,9657,65817,28,15417,90894,14986
3,2022,City of Burbank Water and Power,Bundled,POU,110330,704221,6962,0,0,0,43974,274745,46290
4,2022,City of Colton - (CA),Bundled,POU,16336,78352,2934,23655,164655,105,18232,110736,17291
5,2022,City of Corona - (CA),Bundled,POU,6647.6,45396,543,3251.4,28745,9,1369.2,8653,1288
6,2022,City of Corona - (CA),Energy,POU,1692.8,20942,919,2923.7,38386,5,0,0,0
7,2022,City of Glendale - (CA),Bundled,POU,115817,598974,13328,3551.9,20847,26,94963.3,407214,76929
8,2022,Imperial Irrigation District,Bundled,POU,243240,1556508,21656,14222,78257,812,304217,1949606,139162
9,2022,Kings River Conservation Dist,Bundled,POU,850.4,109144,1,0,0,0,0,0,0
10,2022,City of Lodi - (CA),Bundled,POU,33166.1,169122,2162,18302.9,117952,24,36060,167427,23232
11,2022,Los Angeles Department of Water & Power,Bundled,POU,2455626,12054043,90004,223241.7,1186395,9382,1892318.5,8508902,1389532
12,2022,Merced Irrigation District,Bundled,POU,38970.8,250243,1582,24638.5,202152,102,17051.2,83283,10814
13,2022,Modesto Irrigation District,Bundled,POU,121866,850513,29673,81056,803740,143,177268,982856,102397
14,2022,Pacific Gas & Electric Co.,Bundled,IOU,2308545,7380298,200682,2813179,11783241,90215,3712464,11983409,1828738
15,2022,Pacific Gas & Electric Co.,Delivery,IOU,3313241,21842621,381602,823123,9551340,763,2997002,15227588,3102452
16,2022,PacifiCorp,Bundled,IOU,34184.7,241343,7566,19104.3,165247,1941,57980.3,392938,36303
17,2022,City of Palo Alto - (CA),Bundled,POU,97682,557259,3823,17020,112841,60,27418,157370,25761
18,2022,City of Pasadena - (CA),Bundled,POU,126819.4,687013,8746,0,0,0,74076.9,350158,57705
19,2022,City of Redding - (CA),Bundled,POU,59137,352758,6006,2338,12254,342,63382,381721,38196
20,2022,City of Riverside - (CA),Bundled,POU,83007,465458,11936,127100,945352,660,143611,795300,99639
21,2022,City of Roseville - (CA),Bundled,POU,60832,416158,7154,28295.4,255022,32,82089.3,503863,59755
22,2022,Sacramento Municipal Util Dist,Bundled,POU,577485.9,3686711,70217,249974.5,2142891,2535,797797.4,4766334,574344
23,2022,San Diego Gas & Electric Co,Bundled,IOU,784580.5,2605726,71587,243811.1,1175333,4255,1494073.3,3939825,838576
24,2022,San Diego Gas & Electric Co,Delivery,IOU,1026078.2,5658608,84356,245018.5,2687510,569,400897.6,1553678,500403
25,2022,City & County of San Francisco,Bundled,POU,135815.4,793301,372,2302.7,21812,1,3591.8,18317,1618
26,2022,City of Santa Clara - (CA),Bundled,POU,17680.7,110842,6948,487697.8,4040609,1717,36361.9,261798,50889
27,2022,Southern California Edison Co,Bundled,IOU,5676805,28360357,458427,690438.1,3952239,21599,5543993,22517867,3339257
28,2022,Southern California Edison Co,Delivery,IOU,2128107,19144721,218468,140314,1968146,3616,1182368,7256838,1181738
29,2022,Bear Valley Electric Service,Bundled,IOU,9535.7,33596,1498,4130.3,23250,7,26251.7,85587,23173
30,2022,Turlock Irrigation District,Bundled,POU,73112,551246,9803,110311,887515,6410,130144,813781,78186
31,2022,City of Vernon,Bundled,POU,86515.7,416736,1321,117173.6,733573,488,48.1,326,73
32,2022,Northern California Power Agny,Energy,POU,0,0,0,0,0,0,0,0,0
33,2022,City of Moreno Valley - (CA),Bundled,POU,30603.5,152411,887,3050.2,13520,8,15352.1,48753,6859
34,2022,Marin Clean Energy,Energy,CCA,265759.7,2638343,60788,0,0,0,286681.4,2797083,510940
35,2022,Liberty Utilities,Bundled,IOU,37401.8,267710,6133,0,0,0,46741.5,294017,43856
36,2022,City of Cerritos - (CA),Energy,POU,4765.5,51745,275,1429.6,17326,10,0,0,0
37,2022,Sonoma Clean Power Authority,Energy,CCA,105317,951076,29032,14468,142509,2962,121017,1085640,197960
38,2022,Lancaster Choice Energy,Energy,CCA,18910.6,192642,5582,6736.8,76427,108,37658.1,354992,45045
39,2022,CleanPowerSF,Energy,CCA,147375.6,1381749,30933,25327.5,245609,31,136051.1,1221826,352968
40,2022,Peninsula Clean Energy Authority,Energy,CCA,190382,1832765,28419,24096,252264,297,157815,1530250,277121
41,2022,Apple Valley Choice Energy,Energy,CCA,5888.1,63969,2319,1220,16987,75,17819.7,178267,23217
42,2022,Silicon Valley Clean Energy Authority,Energy,CCA,188516.9,1677272,25859,72252.9,761557,857,151419.9,1353155,246179
43,2022,Redwood Coast Energy Authority,Energy,CCA,22807.7,203084,8607,9688,94865,1850,33003.3,300405,52855
44,2022,Pico Rivera Innovative Municipal Energy,Energy,CCA,8391.2,91059,1808,2760.4,35621,29,9675.2,94572,15168
45,2022,Pioneer Community Energy,Energy,CCA,55279.4,513593,16736,11003,119246,575,103221.8,942829,125052
46,2022,Central Coast Community Energy,Energy,CCA,174521.3,1911901,57241,118955.4,1366207,7406,171867.2,1757498,379108
47,2022,San Jacinto Power,Energy,CCA,4271,46728,1484,1819,24880,57,11519,110088,12893
48,2022,Valley Clean Energy Alliance,Energy,CCA,32682.2,279685,6091,17496.7,160824,1913,35784,301363,54358
49,2022,Rancho Mirage Energy Authority,Energy,CCA,6487,69279,1902,5402,74656,81,15224,144440,12379
50,2022,East Bay Community Energy,Energy,CCA,317046,2818799,55627,116667,1053056,6151,305853,2651484,579289
51,2022,Clean Power Alliance of Southern Califor,Energy,CCA,370352.4,4052900,63485,119370.4,1480592,1350,496706,5336999,719234
52,2022,King City Community Power,Energy,CCA,1751,18307,569,480,4757,41,1138,10929,2822
53,2022,San Jose Clean Energy,Energy,CCA,236322,1764058,27941,43350.3,369265,41,215409.9,1638449,328267
54,2022,BPROUD,Energy,CCA,610.3,9822,1999,0,0,0,1317.4,15534,15032
55,2022,Pomona Choice Energy (PCE),Energy,CCA,17724.5,180762,5152,896.5,12490,39,24659.4,231169,35355
56,2022,Desert Community Energy,Energy,CCA,19905.9,146382,4030,2185.1,22010,326,31233.7,229831,28528
57,2022,San Diego Community Power,Energy,CCA,366646,3803896,68615,9468,106958,267,261309,1612544,378763
58,2022,Clean Energy Alliance,Energy,CCA,41037.7,421921,8551,532,7028,64,26356.3,231058,51875
59,2022,Santa Barbara Clean Energy,Energy,CCA,15178,137173,5742,2319,25418,38,14485,141977,32325
60,2022,Orange County Power Authority,Energy,CCA,103829,933476,28961,30850.2,333760,226,16585.4,145601,123658
61,2022,Energy for Palmdale's Independent Choice,Energy,CCA,42.1,515,313,2.1,29,2,3993.1,36798,25069